<?xml version="1.0" encoding="UTF-8"?>
<addon id="skin.ConfluenceCE" version="2.2" name="Confluence 18 Coreelec" provider-name="Compent">
	<requires>
		<import addon="xbmc.gui" version="5.14.0"/>
	</requires>
	<extension point="xbmc.gui.skin" debugging="false" effectslowdown="1.0">
		<res width="1280" height="720" aspect="16:9" default="true" folder="720p" />
	</extension>
	<extension point="xbmc.addon.metadata">
		<description lang="en_GB">
			This Skin is modified from the original Confulence skin to add 25 Video addons shourtcuts, plain background,extended video info and reboot to intrnal
		</description>
		<platform>all</platform>
		<license>GNU General Public License version 2</license>
		<assets>
			<icon>resources/icon.png</icon>
			<fanart>resources/fanart.jpg</fanart>
			<screenshot>resources/screenshot-01.jpg</screenshot>
			<screenshot>resources/screenshot-02.jpg</screenshot>
			<screenshot>resources/screenshot-03.jpg</screenshot>
			<screenshot>resources/screenshot-04.jpg</screenshot>
			<screenshot>resources/screenshot-05.jpg</screenshot>
			<screenshot>resources/screenshot-06.jpg</screenshot>
			<screenshot>resources/screenshot-07.jpg</screenshot>
			<screenshot>resources/screenshot-08.jpg</screenshot>
			<screenshot>resources/screenshot-09.jpg</screenshot>
		</assets>
		<news>Redesigned layout for updated Global Search addon</news>
	</extension>
</addon>
