<advancedsettings>
    <splash>true</splash>
    <playlisttimeout>40</playlisttimeout>
    <cache>
        <buffermode>1</buffermode>
        <curlclienttimeout>45</curlclienttimeout>
        <curllowspeedtime>8</curllowspeedtime>
        <memorysize>629145600</memorysize>
        <readfactor>20</readfactor>
    </cache>
    <gui>    
        <algorithmdirtyregions>3</algorithmdirtyregions>
        <nofliptimeout>0</nofliptimeout>
    </gui>
    <videoscanner>
        <ignoreerrors>true</ignoreerrors>
    </videoscanner>
</advancedsettings>