<?xml version="1.0" encoding="UTF-8"?>
<window type="dialog" id="1101">
	<!-- yesnodialog -->
	<include>WindowFadeAnimation</include>
	<defaultcontrol always="true">9001</defaultcontrol>
	<controls>

		<!-- Background -->
		<include>WindowFadeBackgroundImage</include>

		<include content="Time">
			<param name="heading">Welcome</param>
		</include>

		<!-- Heading -->
		<control type="label" id="1">
			<left>-15000</left>
			<top>40</top>
			<width>600</width>
			<height>48</height>
			<align>center</align>
			<font>Font48</font>
			<textcolor>$VAR[TextColor1]</textcolor>
		</control>

		<!-- Details -->
		<control type="textbox" id="9">
			<centerleft>50%</centerleft>
			<centertop>50%</centertop>
			<width>1880</width>
			<height>600</height>
			<align>center</align>
			<aligny>center</aligny>
			<font>Font36</font>
			<autoscroll>False</autoscroll>
			<textcolor>$VAR[TextColor1]</textcolor>
			<label>We'd like to thank you for using the OSMC skin on your device![CR]For more information see https://osmc.tv</label>
		</control>

		<!-- Button grouplist background -->
		<include content="dialogButtonBackground">
			<param name="id">9001</param>
		</include>

		<!-- Buttons -->
		<control type="grouplist" id="9001">
			<left>120</left>
			<bottom>100</bottom>
			<width>1680</width>
			<height>66</height>
			<orientation>horizontal</orientation>
			<align>center</align>
			<itemgap>30</itemgap>
			<control type="button">
				<width>auto</width>
				<font>Font36</font>
				<align>center</align>
				<onclick>Dialog.Close(1101)</onclick>
				<onclick>Skin.SetString(WelcomeDialogShown,true)</onclick>
				<label>OK</label>
			</control>
		</control>

	</controls>

</window>
