<?xml version="1.0" encoding="UTF-8"?>
<window>
	<!-- favourites -->
	<backgroundcolor>0x00000000</backgroundcolor>
	<defaultcontrol always="true">450</defaultcontrol>
	<controls>
		<!-- Window Background -->
		<include>WindowBackgroundImage</include>

		<control type="group">
			<include>WindowFadeAnimation</include>

			<!-- Heading -->
			<include content="Time">
				<param name="heading">1036</param>
			</include>

			<!-- Image -->
			<control type="image">
				<left>150</left>
				<top>225</top>
				<width>405</width>
				<height>600</height>
				<texture>$INFO[Container(450).ListItem.Icon]</texture>
				<aspectratio aligny="center">keep</aspectratio>
				<visible>!String.Contains(Container(450).ListItem.Icon,Default)</visible>
			</control>
			<control type="image">
				<left>150</left>
				<top>225</top>
				<width>405</width>
				<height>600</height>
				<texture>$INFO[Container(450).ListItem.Icon]</texture>
				<colordiffuse>$VAR[OverlayColorFO]</colordiffuse>
				<aspectratio aligny="center">keep</aspectratio>
				<visible>String.Contains(Container(450).ListItem.Icon,Default)</visible>
			</control>

			<!-- List -->
			<control type="fixedlist" id="450">
				<left>750</left>
				<centertop>50%</centertop>
				<width>1050</width>
				<height>720</height>
				<onup>450</onup>
				<ondown>450</ondown>
				<onleft>60</onleft>
				<onright condition="!Skin.HasSetting(KioskMode)">3001</onright>
				<pagecontrol>60</pagecontrol>
				<focusposition>5</focusposition>
				<orientation>vertical</orientation>
				<viewtype label="535">list</viewtype>
				<scrolltime tween="sine" easing="out">240</scrolltime>

				<itemlayout height="60" width="1050">
					<control type="label">
						<left>0</left>
						<top>0</top>
						<width>1050</width>
						<height>60</height>
						<font>Font36</font>
						<label>[LIGHT]$VAR[Label1][/LIGHT]</label>
						<textcolor>$VAR[TextColor2]</textcolor>
					</control>
				</itemlayout>

				<focusedlayout height="120" width="1050">
					<control type="label">
						<left>0</left>
						<top>0</top>
						<width>1050</width>
						<height>120</height>
						<font>Font73</font>
						<label>$VAR[Label1]</label>
						<textcolor>$VAR[TextColor1]</textcolor>
						<scroll>True</scroll>
						<animation effect="fade" start="100" end="50" time="200" tween="cubic" easing="out" reversible="true" condition="!Control.HasFocus(450)">Conditional</animation>
					</control>
					<control type="image">
						<width>1050</width>
						<height>120</height>
						<texture colordiffuse="$VAR[TextColor1]">$VAR[focus120]</texture>
						<animation effect="fade" start="100" end="50" time="200" tween="cubic" easing="out" reversible="true" condition="!Control.HasFocus(450)">Conditional</animation>
					</control>
				</focusedlayout>

			</control>

			<!-- Scrollbar (list) -->
			<control type="scrollbar" id="60">
				<left>690</left>
				<centertop>50%</centertop>
				<width>20</width>
				<height>720</height>
				<onright>450</onright>
				<onleft condition="!Skin.HasSetting(KioskMode)">3001</onleft>
				<showonepage>false</showonepage>
				<orientation>vertical</orientation>
				<colordiffuse>$VAR[OverlayColorNF]</colordiffuse>
				<texturesliderbackground border="11,1,1,1">common/ScrollBackground.png</texturesliderbackground>
				<texturesliderbar border="11,1,1,1">common/ScrollbarGripNF.png</texturesliderbar>
				<texturesliderbarfocus border="11,1,1,1" colordiffuse="$VAR[DialogColor1]">common/ScrollbarGripFO.png</texturesliderbarfocus>
				<textureslidernib></textureslidernib>
				<textureslidernibfocus></textureslidernibfocus>
				<visible>!Skin.HasSetting(Scrollbars)</visible>
			</control>
			
			<!-- Submenu indicator -->
			<control type="group">
				<visible>!ControlGroup(9002).HasFocus + !Window.IsVisible(contextmenu) + !Skin.HasSetting(KioskMode)</visible>
				<animation effect="fade" start="0" end="100" time="200">VisibleChange</animation>
				<animation effect="slide" time="200" start="-200,0" end="0,0">WindowOpen</animation>
				<animation effect="slide" time="200" start="0,0" end="-200,0">WindowClose</animation>
				<control type="image">
					<left>10</left>
					<centertop>50%</centertop>
					<width>30</width>
					<height>30</height>
					<texture colordiffuse="$VAR[DialogColor2]">sub-menu-left.png</texture>
				</control>
			</control>
			
		</control>
		
		<!-- Options -->
		<control type="group" id="9002">
			<control type="image">
				<include>FullscreenDimensions</include>
				<texture colordiffuse="$VAR[DarkenColor]">dialogs/DialogTextBackground.png</texture>
				<animation effect="fade" start="0" end="100" time="200">Visible</animation>
				<animation effect="fade" start="100" end="0" time="200">Hidden</animation>
				<visible>ControlGroup(9002).HasFocus</visible>
			</control>
			<control type="group">
				<left>-450</left>
				<top>0</top>
				<animation effect="slide" start="0,0" end="450,0" time="200" condition="ControlGroup(9002).HasFocus">Conditional</animation>
				<control type="button">
					<left>0</left>
					<top>0</top>
					<width>460</width>
					<height>1080</height>
					<texturefocus>noop</texturefocus>
				</control>

				<control type="image">
					<left>0</left>
					<top>0</top>
					<width>450</width>
					<height>1080</height>
					<texture colordiffuse="$VAR[OverlayColor]">dialogs/Background.png</texture>
				</control>

				<!-- Look controls -->
				<control type="grouplist" id="3001">
					<left>20</left>
					<top>10</top> <!-- -10 because there are two spacers -->
					<width>410</width>
					<height>1040</height>
					<onleft>450</onleft>
					<onright>450</onright>
					<scrolltime>200</scrolltime>
					<orientation>vertical</orientation>
					<itemgap>0</itemgap>
					<defaultcontrol always="true">94</defaultcontrol>

					<include content="SideMenuAnimation">
						<param name="containerID">3001</param>
					</include>

					<!-- Scrollbars -->
					<control type="radiobutton" id="94">
						<label>31005</label>
						<height>52</height>
						<onclick>Skin.ToggleSetting(Scrollbars)</onclick>
						<selected>!Skin.HasSetting(Scrollbars)</selected>
					</control>

				</control>
			</control>
		</control>

	</controls>

</window>