<?xml version="1.0" encoding="UTF-8"?>
<window>
	<!-- musicinformation -->
	<defaultcontrol always="true">9000</defaultcontrol>

	<controls>
		<!-- Window Background -->
		<include>WindowFadeBackgroundImage</include>

		<control type="group">

			<!-- Animation -->
			<include>DialogZoomAnimation</include>

			<!-- Heading -->
			<include content="Time">
				<param name="heading">$VAR[MusicInfoLabel]</param>
			</include>

			<!-- Image -->
			<control type="image">
				<left>150</left>
				<top>225</top>
				<width>405</width>
				<height>600</height>
				<texture>$INFO[ListItem.Icon]</texture>
				<colordiffuse>$VAR[OverlayColorFO]</colordiffuse>
				<aspectratio align="center" aligny="center">keep</aspectratio>
			</control>

			<!-- Info -->
			<control type="group">
				<left>600</left>
				<top>235</top>
				<visible>!String.IsEqual(Control.GetLabel(5),$LOCALIZE[21887]) + !String.IsEqual(Control.GetLabel(5),$LOCALIZE[183])</visible>

				<!-- Details -->
				<control type="grouplist">
					<width>1170</width>
					<height>336</height>
					<itemgap>12</itemgap>
					<orientation>vertical</orientation>
					<usecontrolcoords>true</usecontrolcoords>
						<visible>Window.Is(songinformation)</visible>

						<!-- Artist -->
						<control type="group">
							<height>36</height>
							<width>1170</width>
							<visible>!String.IsEmpty(ListItem.Artist)</visible>
							<control type="fadelabel">
								<width>200</width>
								<height>36</height>
								<align>right</align>
								<font>Font36</font>
								<label>557</label>
								<textcolor>$VAR[TextColor2]</textcolor>
								<pauseatend>5000</pauseatend>
							</control>
							<control type="fadelabel">
								<left>220</left>
								<width>950</width>
								<height>36</height>
								<font>Font36</font>
								<label>$INFO[ListItem.Artist]</label>
								<textcolor>$VAR[TextColor1]</textcolor>
								<pauseatend>5000</pauseatend>
							</control>
						</control>

						<!-- Album -->
						<control type="group">
							<height>36</height>
							<width>1170</width>
							<visible>!String.IsEmpty(ListItem.Album)</visible>
							<control type="fadelabel">
								<width>200</width>
								<height>36</height>
								<align>right</align>
								<font>Font36</font>
								<label>558</label>
								<textcolor>$VAR[TextColor2]</textcolor>
								<pauseatend>5000</pauseatend>
							</control>
							<control type="fadelabel">
								<left>220</left>
								<width>950</width>
								<height>36</height>
								<font>Font36</font>
								<label>$INFO[ListItem.Album]</label>
								<textcolor>$VAR[TextColor1]</textcolor>
								<pauseatend>5000</pauseatend>
							</control>
						</control>

						<!-- Year -->
						<control type="group">
							<height>36</height>
							<width>1170</width>
							<visible>!String.IsEmpty(ListItem.Year)</visible>
							<control type="label">
								<width>200</width>
								<height>36</height>
								<align>right</align>
								<font>Font36</font>
								<label>562</label>
								<textcolor>$VAR[TextColor2]</textcolor>
							</control>
							<control type="label">
								<left>220</left>
								<width>950</width>
								<height>36</height>
								<font>Font36</font>
								<label>$INFO[ListItem.Year]</label>
								<textcolor>$VAR[TextColor1]</textcolor>
							</control>
						</control>

						<!-- Genre -->
						<control type="group">
							<height>36</height>
							<width>1170</width>
							<visible>!String.IsEmpty(ListItem.Genre)</visible>
							<control type="fadelabel">
								<width>200</width>
								<height>36</height>
								<align>right</align>
								<font>Font36</font>
								<label>515</label>
								<textcolor>$VAR[TextColor2]</textcolor>
								<pauseatend>5000</pauseatend>
							</control>
							<control type="fadelabel">
								<left>220</left>
								<width>950</width>
								<height>36</height>
								<font>Font36</font>
								<label>$INFO[ListItem.Genre]</label>
								<textcolor>$VAR[TextColor1]</textcolor>
								<pauseatend>5000</pauseatend>
							</control>
						</control>

						<!-- Track Number -->
						<control type="group">
							<height>36</height>
							<width>1170</width>
							<visible>!String.IsEmpty(ListItem.TrackNumber)</visible>
							<control type="label">
								<width>200</width>
								<height>36</height>
								<align>right</align>
								<font>Font36</font>
								<label>554</label>
								<textcolor>$VAR[TextColor2]</textcolor>
							</control>
							<control type="label">
								<left>220</left>
								<width>950</width>
								<height>36</height>
								<font>Font36</font>
								<label>$INFO[ListItem.TrackNumber]</label>
								<textcolor>$VAR[TextColor1]</textcolor>
							</control>
						</control>
						
						<!-- Duration -->
						<control type="group">
							<height>36</height>
							<width>1170</width>
							<visible>!String.IsEmpty(ListItem.Duration)</visible>
							<control type="label">
								<width>200</width>
								<height>36</height>
								<align>right</align>
								<font>Font36</font>
								<label>180</label>
								<textcolor>$VAR[TextColor2]</textcolor>
							</control>
							<control type="label">
								<left>220</left>
								<width>950</width>
								<height>36</height>
								<font>Font36</font>
								<label>$VAR[Duration]</label>
								<textcolor>$VAR[TextColor1]</textcolor>
							</control>
						</control>						

						<!-- Rating -->
						<control type="group">
							<height>36</height>
							<width>1170</width>
							<visible>String.IsEqual(ListItem.StarRating,rating0.png) | String.IsEqual(ListItem.StarRating,rating1.png) | String.IsEqual(ListItem.StarRating,rating2.png) | String.IsEqual(ListItem.StarRating,rating3.png) | String.IsEqual(ListItem.StarRating,rating4.png) | String.IsEqual(ListItem.StarRating,rating5.png)</visible>
							<control type="label">
								<width>200</width>
								<height>36</height>
								<align>right</align>
								<font>Font36</font>
								<label>563</label>
								<textcolor>$VAR[TextColor2]</textcolor>
							</control>
							<control type="image">
								<left>220</left>
								<width>238</width>
								<height>36</height>
								<aspectratio align="left">keep</aspectratio>
								<texture>$INFO[ListItem.StarRating]</texture>
							</control>
						</control>

					</control>

				<control type="grouplist">
					<width>1170</width>
					<height>336</height>
					<itemgap>12</itemgap>
					<orientation>vertical</orientation>
					<usecontrolcoords>true</usecontrolcoords>
						<visible>!Window.Is(songinformation)</visible>
						<!-- Artist -->
						<control type="group">
							<height>36</height>
							<width>1170</width>
							<visible>Container.Content(Albums) + !String.IsEmpty(ListItem.Artist)</visible>
							<control type="fadelabel">
								<width>200</width>
								<height>36</height>
								<align>right</align>
								<font>Font36</font>
								<label>557</label>
								<textcolor>$VAR[TextColor2]</textcolor>
								<pauseatend>5000</pauseatend>
							</control>
							<control type="fadelabel">
								<left>220</left>
								<width>950</width>
								<height>36</height>
								<font>Font36</font>
								<label>$INFO[ListItem.Artist]</label>
								<textcolor>$VAR[TextColor1]</textcolor>
								<pauseatend>5000</pauseatend>
							</control>
						</control>

						<!-- Year -->
						<control type="group">
							<height>36</height>
							<width>1170</width>
							<visible>!String.IsEmpty(ListItem.Year)</visible>
							<control type="label">
								<width>200</width>
								<height>36</height>
								<align>right</align>
								<font>Font36</font>
								<label>562</label>
								<textcolor>$VAR[TextColor2]</textcolor>
							</control>
							<control type="label">
								<left>220</left>
								<width>950</width>
								<height>36</height>
								<font>Font36</font>
								<label>$INFO[ListItem.Year]</label>
								<textcolor>$VAR[TextColor1]</textcolor>
							</control>
						</control>

						<!-- Genre -->
						<control type="group">
							<height>36</height>
							<width>1170</width>
							<visible>!String.IsEmpty(ListItem.Genre)</visible>
							<control type="fadelabel">
								<width>200</width>
								<height>36</height>
								<align>right</align>
								<font>Font36</font>
								<label>515</label>
								<textcolor>$VAR[TextColor2]</textcolor>
								<pauseatend>5000</pauseatend>
							</control>
							<control type="fadelabel">
								<left>220</left>
								<width>950</width>
								<height>36</height>
								<font>Font36</font>
								<label>$INFO[ListItem.Genre]</label>
								<textcolor>$VAR[TextColor1]</textcolor>
								<pauseatend>5000</pauseatend>
							</control>
						</control>
						
						<!-- Type -->
						<control type="group">
							<height>36</height>
							<width>1170</width>
							<visible>!String.IsEmpty(ListItem.Property(Album_Type))</visible>
							<control type="fadelabel">
								<width>200</width>
								<height>36</height>
								<align>right</align>
								<font>Font36</font>
								<label>146</label>
								<textcolor>$VAR[TextColor2]</textcolor>
								<pauseatend>5000</pauseatend>
							</control>
							<control type="fadelabel">
								<left>220</left>
								<width>950</width>
								<height>36</height>
								<font>Font36</font>
								<label>$INFO[ListItem.Property(Album_Type)]</label>
								<textcolor>$VAR[TextColor1]</textcolor>
								<pauseatend>5000</pauseatend>
							</control>
						</control>

						<!-- Label -->
						<control type="group">
							<height>36</height>
							<width>1170</width>
							<visible>!String.IsEmpty(ListItem.Property(Album_Label))</visible>
							<control type="fadelabel">
								<width>200</width>
								<height>36</height>
								<align>right</align>
								<font>Font36</font>
								<label>21899</label>
								<textcolor>$VAR[TextColor2]</textcolor>
								<pauseatend>5000</pauseatend>
							</control>
							<control type="fadelabel">
								<left>220</left>
								<width>950</width>
								<height>36</height>
								<font>Font36</font>
								<label>$INFO[ListItem.Property(Album_Label)]</label>
								<textcolor>$VAR[TextColor1]</textcolor>
								<pauseatend>5000</pauseatend>
							</control>
						</control>

						<!-- Rating -->
						<control type="group">
							<height>36</height>
							<width>1170</width>
							<visible>Container.Content(albums) + [String.IsEqual(ListItem.StarRating,rating0.png) | String.IsEqual(ListItem.StarRating,rating1.png) | String.IsEqual(ListItem.StarRating,rating2.png) | String.IsEqual(ListItem.StarRating,rating3.png) | String.IsEqual(ListItem.StarRating,rating4.png) | String.IsEqual(ListItem.StarRating,rating5.png)]</visible>
							<control type="label">
								<width>200</width>
								<height>36</height>
								<align>right</align>
								<font>Font36</font>
								<label>563</label>
								<textcolor>$VAR[TextColor2]</textcolor>
							</control>
							<control type="image" id="99">
								<left>220</left>
								<width>238</width>
								<height>36</height>
								<aspectratio align="left">keep</aspectratio>
								<texture>$INFO[ListItem.StarRating]</texture>
							</control>
						</control>

						<!-- Mood -->
						<control type="group">
							<height>36</height>
							<width>1170</width>
							<visible>!String.IsEmpty(ListItem.Property(Album_Mood))</visible>
							<control type="fadelabel">
								<width>200</width>
								<height>36</height>
								<align>right</align>
								<font>Font36</font>
								<label>175</label>
								<textcolor>$VAR[TextColor2]</textcolor>
								<pauseatend>5000</pauseatend>
							</control>
							<control type="fadelabel">
								<left>220</left>
								<width>950</width>
								<height>36</height>
								<font>Font36</font>
								<label>$INFO[ListItem.Property(Album_Mood)]</label>
								<textcolor>$VAR[TextColor1]</textcolor>
								<pauseatend>5000</pauseatend>
							</control>
						</control>

						<!-- Style -->
						<control type="group">
							<height>36</height>
							<width>1170</width>
							<visible>!String.IsEmpty(ListItem.Property(Album_Style))</visible>
							<control type="fadelabel">
								<width>200</width>
								<height>36</height>
								<align>right</align>
								<font>Font36</font>
								<label>176</label>
								<textcolor>$VAR[TextColor2]</textcolor>
								<pauseatend>5000</pauseatend>
							</control>
							<control type="fadelabel">
								<left>220</left>
								<width>950</width>
								<height>36</height>
								<font>Font36</font>
								<label>$INFO[ListItem.Property(Album_Style)]</label>
								<textcolor>$VAR[TextColor1]</textcolor>
								<pauseatend>5000</pauseatend>
							</control>
						</control>

						<!-- Theme -->
						<control type="group">
							<height>36</height>
							<width>1170</width>
							<visible>!String.IsEmpty(ListItem.Property(Album_Theme))</visible>
							<control type="fadelabel">
								<width>200</width>
								<height>36</height>
								<align>right</align>
								<font>Font36</font>
								<label>21895</label>
								<textcolor>$VAR[TextColor2]</textcolor>
								<pauseatend>5000</pauseatend>
							</control>
							<control type="fadelabel">
								<left>220</left>
								<width>950</width>
								<height>36</height>
								<font>Font36</font>
								<label>$INFO[ListItem.Property(Album_Theme)]</label>
								<textcolor>$VAR[TextColor1]</textcolor>
								<pauseatend>5000</pauseatend>
							</control>
						</control>

						<!-- Born -->
						<control type="group">
							<height>36</height>
							<width>1170</width>
							<visible>!String.IsEmpty(ListItem.Property(Artist_Born))</visible>
							<control type="label">
								<width>200</width>
								<height>36</height>
								<align>right</align>
								<font>Font36</font>
								<label>21893</label>
								<textcolor>$VAR[TextColor2]</textcolor>
							</control>
							<control type="label">
								<left>220</left>
								<width>950</width>
								<height>36</height>
								<font>Font36</font>
								<label>$INFO[ListItem.Property(Artist_Born)]</label>
								<textcolor>$VAR[TextColor1]</textcolor>
							</control>
						</control>

						<!-- Formed -->
						<control type="group">
							<height>36</height>
							<width>1170</width>
							<visible>!String.IsEmpty(ListItem.Property(Artist_Formed))</visible>
							<control type="label">
								<width>200</width>
								<height>36</height>
								<align>right</align>
								<font>Font36</font>
								<label>21894</label>
								<textcolor>$VAR[TextColor2]</textcolor>
							</control>
							<control type="label">
								<left>220</left>
								<width>950</width>
								<height>36</height>
								<font>Font36</font>
								<label>$INFO[ListItem.Property(Artist_Formed)]</label>
								<textcolor>$VAR[TextColor1]</textcolor>
							</control>
						</control>

						<!-- Mood -->
						<control type="group">
							<height>36</height>
							<width>1170</width>
							<visible>!String.IsEmpty(ListItem.Property(Artist_Mood))</visible>
							<control type="fadelabel">
								<width>200</width>
								<height>36</height>
								<align>right</align>
								<font>Font36</font>
								<label>175</label>
								<textcolor>$VAR[TextColor2]</textcolor>
								<pauseatend>5000</pauseatend>
							</control>
							<control type="fadelabel">
								<left>220</left>
								<width>950</width>
								<height>36</height>
								<font>Font36</font>
								<label>$INFO[ListItem.Property(Artist_Mood)]</label>
								<textcolor>$VAR[TextColor1]</textcolor>
								<pauseatend>5000</pauseatend>
							</control>
						</control>

						<!-- Style -->
						<control type="group">
							<height>36</height>
							<width>1170</width>
							<visible>!String.IsEmpty(ListItem.Property(Artist_Style))</visible>
							<control type="fadelabel">
								<width>200</width>
								<height>36</height>
								<align>right</align>
								<font>Font36</font>
								<label>176</label>
								<textcolor>$VAR[TextColor2]</textcolor>
								<pauseatend>5000</pauseatend>
							</control>
							<control type="fadelabel">
								<left>220</left>
								<width>950</width>
								<height>36</height>
								<font>Font36</font>
								<label>$INFO[ListItem.Property(Artist_Style)]</label>
								<textcolor>$VAR[TextColor1]</textcolor>
								<pauseatend>5000</pauseatend>
							</control>
						</control>

						<!-- Instrument -->
						<control type="group">
							<height>36</height>
							<width>1170</width>
							<visible>!String.IsEmpty(ListItem.Property(Artist_Instrument))</visible>
							<control type="fadelabel">
								<width>200</width>
								<height>36</height>
								<align>right</align>
								<font>Font36</font>
								<label>21892</label>
								<textcolor>$VAR[TextColor2]</textcolor>
								<pauseatend>5000</pauseatend>
							</control>
							<control type="fadelabel">
								<left>220</left>
								<width>950</width>
								<height>36</height>
								<font>Font36</font>
								<label>$INFO[ListItem.Property(Artist_Instrument)]</label>
								<textcolor>$VAR[TextColor1]</textcolor>
								<pauseatend>5000</pauseatend>
							</control>
						</control>

						<!-- Died -->
						<control type="group">
							<height>36</height>
							<width>1170</width>
							<visible>!String.IsEmpty(ListItem.Property(Artist_Died))</visible>
							<control type="label">
								<width>200</width>
								<height>36</height>
								<align>right</align>
								<font>Font36</font>
								<label>21897</label>
								<textcolor>$VAR[TextColor2]</textcolor>
							</control>
							<control type="label">
								<left>220</left>
								<width>950</width>
								<height>36</height>
								<font>Font36</font>
								<label>$INFO[ListItem.Property(Artist_Died)]</label>
								<textcolor>$VAR[TextColor1]</textcolor>
							</control>
						</control>

						<!-- Years active -->
						<control type="group">
							<height>36</height>
							<width>1170</width>
							<visible>!String.IsEmpty(ListItem.Property(Artist_YearsActive))</visible>
							<control type="label">
								<width>200</width>
								<height>36</height>
								<align>right</align>
								<font>Font36</font>
								<label>652</label>
								<textcolor>$VAR[TextColor2]</textcolor>
							</control>
							<control type="label">
								<left>220</left>
								<width>950</width>
								<height>36</height>
								<font>Font36</font>
								<label>$INFO[ListItem.Property(Artist_YearsActive)]</label>
								<textcolor>$VAR[TextColor1]</textcolor>
							</control>
						</control>

					</control>

				<!-- Plot -->
				<control type="group">
					<top>370</top>
					<width>1170</width>
					<height>210</height>
					<control type="textbox">
						<align>left</align>
						<textcolor>$VAR[TextColor2]</textcolor>
						<label>[LIGHT]$VAR[MusicInfoDescription][/LIGHT]</label>
						<autoscroll delay="10000" time="2000" repeat="12000">True</autoscroll>
						<visible>Skin.String(PlotFont,S light)</visible>
					</control>
					<control type="textbox">
						<align>left</align>
						<font>Font30</font>
						<textcolor>$VAR[TextColor2]</textcolor>
						<label>[LIGHT]$VAR[MusicInfoDescription][/LIGHT]</label>
						<autoscroll delay="10000" time="1900" repeat="12000">True</autoscroll>
						<visible>Skin.String(PlotFont,M light)</visible>
					</control>
					<control type="textbox">
						<align>left</align>
						<font>Font33</font>
						<textcolor>$VAR[TextColor2]</textcolor>
						<label>[LIGHT]$VAR[MusicInfoDescription][/LIGHT]</label>
						<autoscroll delay="10000" time="1800" repeat="12000">True</autoscroll>
						<visible>Skin.String(PlotFont,L light)</visible>
					</control>
					<control type="textbox">
						<align>left</align>
						<font>Font36</font>
						<textcolor>$VAR[TextColor2]</textcolor>
						<label>[LIGHT]$VAR[MusicInfoDescription][/LIGHT]</label>
						<autoscroll delay="10000" time="1700" repeat="12000">True</autoscroll>
						<visible>Skin.String(PlotFont,XL light)</visible>
					</control>
					
					<control type="textbox">
						<align>left</align>
						<textcolor>$VAR[TextColor2]</textcolor>
						<label>$VAR[MusicInfoDescription]</label>
						<autoscroll delay="10000" time="2000" repeat="12000">True</autoscroll>
						<visible>Skin.String(PlotFont,S)</visible>
					</control>
					<control type="textbox">
						<align>left</align>
						<font>Font30</font>
						<textcolor>$VAR[TextColor2]</textcolor>
						<label>$VAR[MusicInfoDescription]</label>
						<autoscroll delay="10000" time="1900" repeat="12000">True</autoscroll>
						<visible>Skin.String(PlotFont,M)</visible>
					</control>
					<control type="textbox">
						<align>left</align>
						<font>Font33</font>
						<textcolor>$VAR[TextColor2]</textcolor>
						<label>$VAR[MusicInfoDescription]</label>
						<autoscroll delay="10000" time="1800" repeat="12000">True</autoscroll>
						<visible>Skin.String(PlotFont,L)</visible>
					</control>
					<control type="textbox">
						<align>left</align>
						<font>Font36</font>
						<textcolor>$VAR[TextColor2]</textcolor>
						<label>$VAR[MusicInfoDescription]</label>
						<autoscroll delay="10000" time="1700" repeat="12000">True</autoscroll>
						<visible>Skin.String(PlotFont,XL)</visible>
					</control>
				</control>
			</control>

			<!-- Button grouplist background -->
			<include content="dialogButtonBackground">
				<param name="id">9000</param>
			</include>

			<!-- Buttons -->
			<control type="grouplist" id="9000">
				<left>120</left>
				<bottom>100</bottom>
				<width>1680</width>
				<height>66</height>
				<orientation>horizontal</orientation>
				<align>center</align>
				<itemgap>30</itemgap>

				<!-- Refresh Button -->
				<control type="button" id="6">
					<width>Auto</width>
					<label>184</label>
					<visible>Control.IsEnabled(6)</visible>
				</control>
				<!-- Get Thumb Button -->
				<control type="button" id="10">
					<width>Auto</width>
					<label>13511</label>
					<visible>Control.IsEnabled(10)</visible>
				</control>
				<!-- Fanart Button -->
				<control type="button" id="12">
					<width>Auto</width>
					<label>20413</label>
					<visible>Control.IsEnabled(12)</visible>
				</control>

			</control>

		</control>

	</controls>

</window>