<?xml version="1.0" encoding="UTF-8"?>
<window>
	<!-- fullscreeninfo -->
	<defaultcontrol>100</defaultcontrol>

	<controls>
	
		<control type="button" id="100">
			<left>0</left>
			<top>292</top>
			<width>1620</width>
			<height>40</height>
			<onclick condition="String.IsEmpty(Window(12005).Property(shownext))">SetProperty(shownext,True,12005)</onclick>
			<onclick condition="!String.IsEmpty(Window(12005).Property(shownext))">ClearProperty(shownext,12005)</onclick>
			<texturefocus></texturefocus>
		</control>

	</controls>

</window>