<?xml version="1.0" encoding="utf-8"?>
<fonts>

	<fontset id="Default">

		<font>
			<name>Font73</name>
			<filename>SourceSansPro-Regular.ttf</filename>
			<size>68</size>
			<style>bold</style>
		</font>
		<font>
			<name>Font72</name>
			<filename>SourceSansPro-Regular.ttf</filename>
			<size>68</size>
		</font>
		<font>
			<name>Font50</name>
			<filename>SourceSansPro-Regular.ttf</filename>
			<size>50</size>
		</font>
		<font>
			<name>Font49</name>
			<filename>SourceSansPro-Regular.ttf</filename>
			<size>46</size>
			<style>bold</style>
		</font>
		<font>
			<name>Font48</name>
			<filename>SourceSansPro-Regular.ttf</filename>
			<size>46</size>
		</font>
		<font>
			<name>Font42</name>
			<filename>SourceSansPro-Regular.ttf</filename>
			<size>40</size>
		</font>
		<font>
			<name>Font37</name>
			<filename>SourceSansPro-Regular.ttf</filename>
			<size>34</size>
			<linespacing>1.3</linespacing>
			<style>bold</style>
		</font>
		<font>
			<name>Font36</name>
			<filename>SourceSansPro-Regular.ttf</filename>
			<size>34</size>
			<linespacing>1.3</linespacing>
		</font>
		<font>
			<name>Font33</name>
			<filename>SourceSansPro-Regular.ttf</filename>
			<size>31</size>
		</font>
		<font>
			<name>Font30</name>
			<filename>SourceSansPro-Regular.ttf</filename>
			<size>28</size>
		</font>
		<font>
			<name>Font29</name>
			<filename>SourceSansPro-Regular.ttf</filename>
			<size>26</size>
		</font>
		<font>
			<name>Font28</name>
			<filename>SourceSansPro-Regular.ttf</filename>
			<size>25</size>
			<!--linespacing>1.3</linespacing-->
			<style>bold</style>
		</font>
		<font>
			<name>Font27</name>
			<filename>SourceSansPro-Regular.ttf</filename>
			<size>25</size>
			<!--linespacing>1.3</linespacing-->
		</font>
		<font>
			<name>Font27-Light</name>
			<filename>SourceSansPro-Regular.ttf</filename>
			<size>25</size>
			<linespacing>1.3</linespacing>
			<style>lighten</style>
		</font>
		<font>
			<name>Font25</name>
			<filename>SourceSansPro-Regular.ttf</filename>
			<size>23</size>
			<linespacing>1.3</linespacing>
		</font>

		<!-- System Info fixed width -->
		<font>
			<name>SystemInfo</name>
			<filename>LiberationMono-Regular.ttf</filename>
			<size>24</size>
		</font>

		<!-- Required for system -->
		<font>
			<name>font13</name>
			<filename>Arial.ttf</filename>
			<size>21</size>
		</font>

	</fontset>


	<fontset id="Arial">

		<font>
			<name>Font73</name>
			<filename>Arial.ttf</filename>
			<size>66</size>
			<style>bold</style>
		</font>
		<font>
			<name>Font72</name>
			<filename>Arial.ttf</filename>
			<size>66</size>
		</font>
		<font>
			<name>Font50</name>
			<filename>Arial.ttf</filename>
			<size>48</size>
		</font>
		<font>
			<name>Font49</name>
			<filename>Arial.ttf</filename>
			<size>44</size>
			<style>bold</style>
		</font>
		<font>
			<name>Font48</name>
			<filename>Arial.ttf</filename>
			<size>44</size>
		</font>
		<font>
			<name>Font42</name>
			<filename>Arial.ttf</filename>
			<size>38</size>
		</font>
		<font>
			<name>Font37</name>
			<filename>Arial.ttf</filename>
			<size>32</size>
			<linespacing>1.3</linespacing>
			<style>bold</style>
		</font>
		<font>
			<name>Font36</name>
			<filename>Arial.ttf</filename>
			<size>32</size>
			<linespacing>1.3</linespacing>
		</font>
		<font>
			<name>Font33</name>
			<filename>Arial.ttf</filename>
			<size>29</size>
		</font>
		<font>
			<name>Font30</name>
			<filename>Arial.ttf</filename>
			<size>26</size>
		</font>
		<font>
			<name>Font29</name>
			<filename>Arial.ttf</filename>
			<size>24</size>
		</font>
		<font>
			<name>Font28</name>
			<filename>Arial.ttf</filename>
			<size>23</size>
			<!--linespacing>1.3</linespacing-->
			<style>bold</style>
		</font>
		<font>
			<name>Font27</name>
			<filename>Arial.ttf</filename>
			<size>23</size>
			<!--linespacing>1.3</linespacing-->
		</font>
		<font>
			<name>Font27-Light</name>
			<filename>Arial.ttf</filename>
			<size>23</size>
			<linespacing>1.3</linespacing>
			<style>lighten</style>
		</font>
		<font>
			<name>Font25</name>
			<filename>Arial.ttf</filename>
			<size>21</size>
			<linespacing>1.3</linespacing>
		</font>

		<!-- System Info fixed width -->
		<font>
			<name>SystemInfo</name>
			<filename>teletext.ttf</filename>
			<size>24</size>
		</font>

		<!-- Required for system -->
		<font>
			<name>font13</name>
			<filename>Arial.ttf</filename>
			<size>19</size>
		</font>

	</fontset>

</fonts>
