<?xml version="1.0" encoding="UTF-8"?>
<window>
	<!-- GameOSD -->
	<defaultcontrol always="true">5</defaultcontrol>
	
	<controls>

		<!-- Player status -->
		<control type="group">
			<left>150</left>
			<top>870</top>
			<width>140</width>
			<height>60</height>
			<visible>player.forwarding | player.rewinding | player.paused | player.istempo</visible>
			<visible>![Window.IsVisible(gamevideofilter) | Window.IsVisible(gamestretchmode) | Window.IsVisible(gamevideorotation) | Window.IsVisible(gamevolume) | Window.IsVisible(gamecontrollers) | Window.IsVisible(gameadvancedsettings)]</visible>
			<animation type="Visible">
				<effect type="zoom" start="90" end="100" center="auto" tween="back" easing="out" time="200"/>
				<effect type="fade" start="0" end="100" time="200"/>
			</animation>
			<animation type="Hidden">
				<effect type="zoom" start="100" end="90" center="auto" easing="in" time="200"/>
				<effect type="fade" start="100" end="0" time="200"/>
			</animation>
			<animation type="WindowOpen">
				<effect type="zoom" start="90" end="100" center="auto" tween="back" easing="out" time="200"/>
				<effect type="fade" start="0" end="100" time="200"/>
			</animation>
			<animation type="WindowClose">
				<effect type="zoom" start="100" end="90" center="auto" easing="in" time="200"/>
				<effect type="fade" start="100" end="0" time="200"/>
			</animation>

			<!-- Background -->
			<control type="image" id="1">
				<width>140</width>
				<height>60</height>
				<texture colordiffuse="$VAR[OverlayColor]">dialogs/Background.png</texture>
			</control>

			<!-- Pause -->
			<control type="image" id="1">
				<left>40</left>
				<width>60</width>
				<height>60</height>
				<texture colordiffuse="$VAR[DialogColor1]">osd/OSDPauseNF.png</texture>
				<visible>player.paused</visible>
			</control>

		</control>
	
		<control type="group">
			<left>730</left>
			<top>230</top>
			<width>460</width>
			<height>620</height>
			<visible>![Window.IsActive(gamevideofilter) | Window.IsVisible(gamestretchmode) | Window.IsVisible(gamevideorotation) | Window.IsVisible(gamevolume) | Window.IsVisible(gamecontrollers) | Window.IsVisible(gameadvancedsettings)]</visible>
			<animation type="Visible">
				<effect type="zoom" start="90" end="100" center="auto" tween="back" easing="out" time="200"/>
				<effect type="fade" start="0" end="100" time="200"/>
			</animation>
			<animation type="Hidden">
				<effect type="zoom" start="100" end="90" center="auto" easing="in" time="200"/>
				<effect type="fade" start="100" end="0" time="200"/>
			</animation>
			<control type="group">
				<animation type="WindowOpen">
					<effect type="zoom" start="90" end="100" center="auto" tween="back" easing="out" time="200"/>
					<effect type="fade" start="0" end="100" time="200"/>
				</animation>
				<animation type="WindowClose">
					<effect type="zoom" start="100" end="90" center="auto" easing="in" time="200"/>
					<effect type="fade" start="100" end="0" time="200"/>
				</animation>
			
				<!-- Window Background -->
				<control type="image">
					<width>460</width>
					<height>620</height>
					<texture colordiffuse="$VAR[OverlayColor]" border="30">dialogs/Background.png</texture>
				</control>
				
				<!-- Heading -->
				<control type="label" id="2">
					<left>20</left>
					<top>30</top>
					<width>420</width>
					<height>33</height>
					<align>center</align>
					<aligny>top</aligny>
					<font>Font33</font>
					<label>35221</label>
				</control>

				<!-- Game OSD Buttons Grouplist -->
				<control type="grouplist" id="5">
					<left>20</left>
					<top>90</top>
					<width>420</width>
					<height>510</height>
					<itemgap>0</itemgap>
					<orientation>vertical</orientation>
					<scrolltime tween="sine" easing="out">240</scrolltime>
					<control type="button" id="1001">
						<description>Pause/Resume button</description>
						<width>420</width>
						<height>50</height>
						<textcolor>$VAR[TextColor2]</textcolor>
						<focusedcolor>$VAR[TextColor1]</focusedcolor>
						<label>$LOCALIZE[35224]</label>
						<font>Font33</font>
						<label2>Select + X</label2>
						<onclick>Play</onclick>
						</control>
					<control type="button" id="1002">
						<description>Reset button</description>
						<width>420</width>
						<height>50</height>
						<textcolor>$VAR[TextColor2]</textcolor>
						<focusedcolor>$VAR[TextColor1]</focusedcolor>
						<label>$LOCALIZE[13007]</label>
						<font>Font33</font>
						<label2>Select + B</label2>
						<onclick>PlayerControl(Reset)</onclick>
					</control>
					<control type="button" id="1003">
						<description>Stop button</description>
						<width>420</width>
						<height>50</height>
						<textcolor>$VAR[TextColor2]</textcolor>
						<focusedcolor>$VAR[TextColor1]</focusedcolor>
						<label>$LOCALIZE[35222]</label>
						<font>Font33</font>
						<label2>Select + Start</label2>
						<onclick>Stop</onclick>
					</control>
					<control type="image" id="1004"> 
						<width>420</width>
						<height>30</height> 
						<texture>transparent.png</texture> 
					</control> 
					<control type="button" id="1005">
						<description>Game video filter button</description>
						<width>420</width>
						<height>50</height>
						<textcolor>$VAR[TextColor2]</textcolor>
						<focusedcolor>$VAR[TextColor1]</focusedcolor>
						<label>$LOCALIZE[35225]</label>
						<font>Font33</font>
						<onclick>ActivateWindow(GameVideoFilter)</onclick>
					</control>
					<control type="button" id="1006">
						<description>Game stretch mode button</description>
						<width>420</width>
						<height>50</height>
						<textcolor>$VAR[TextColor2]</textcolor>
						<focusedcolor>$VAR[TextColor1]</focusedcolor>
						<label>$LOCALIZE[35233]</label>
						<font>Font33</font>
						<onclick>ActivateWindow(GameStretchMode)</onclick>
					</control>
					<control type="button" id="1007">
						<description>View mode button</description>
						<width>420</width>
						<height>50</height>
						<textcolor>$VAR[TextColor2]</textcolor>
						<focusedcolor>$VAR[TextColor1]</focusedcolor>
						<label>$LOCALIZE[35227]</label>
						<font>Font33</font>
						<onclick>ActivateWindow(GameVideoRotation)</onclick>
					</control>
					<control type="button" id="1008">
						<description>Game volume button</description>
						<width>420</width>
						<height>50</height>
						<textcolor>$VAR[TextColor2]</textcolor>
						<focusedcolor>$VAR[TextColor1]</focusedcolor>
						<label>$LOCALIZE[13376]</label>
						<font>Font33</font>
						<onclick>ActivateWindow(GameVolume)</onclick>
					</control>
					<control type="image" id="1009"> 
						<width>420</width>
						<height>30</height> 
						<texture>transparent.png</texture> 
					</control>
					<control type="button" id="1010">
						<description>Game advanced settings button</description>
						<width>420</width>
						<height>50</height>
						<textcolor>$VAR[TextColor2]</textcolor>
						<focusedcolor>$VAR[TextColor1]</focusedcolor>
						<label>$LOCALIZE[35226]</label>
						<font>Font33</font>
						<onclick>ActivateWindow(GameAdvancedSettings)</onclick>
					</control>
					<control type="button" id="1011">
						<description>Input settings button</description>
						<width>420</width>
						<height>50</height>
						<textcolor>$VAR[TextColor2]</textcolor>
						<focusedcolor>$VAR[TextColor1]</focusedcolor>
						<label>$LOCALIZE[35050]</label>
						<font>Font33</font>
						<onclick>ActivateWindow(gamecontrollers)</onclick>
					</control>
				</control>
			</control>

		</control>

	</controls>

</window>