<?xml version="1.0" encoding="UTF-8"?>
<window>
	<!-- visualisation -->
	<defaultcontrol></defaultcontrol>
	<onload condition="System.HasAddon(script.artistslideshow)">RunScript(script.artistslideshow)</onload>

	<controls>

		<!-- Background -->
		<include>WindowBackgroundImage</include>

		<!-- Visualisation -->
		<control type="visualisation" id="2">
			<include>FullscreenDimensions</include>
			<visible>Player.HasAudio</visible>
		</control>

		<!-- Now Playing Information -->
		<control type="group">
			<visible>Player.ShowInfo</visible>
			<include>VisibleFadeAnimation</include>
			<include>WindowFadeAnimation</include>

			<control type="image">
				<right>980</right>
				<centertop>50%</centertop>
				<width>405</width>
				<height>405</height>
				<fadetime>200</fadetime>
				<texture background="true">$INFO[MusicPlayer.Cover]</texture>
				<aspectratio aligny="center">keep</aspectratio>
				<visible>!Skin.HasSetting(MusicOSDSize)</visible>
			</control>
			
			<control type="image">
				<right>980</right>
				<centertop>50%</centertop>
				<width>580</width>
				<height>580</height>
				<fadetime>200</fadetime>
				<texture background="true">$INFO[MusicPlayer.Cover]</texture>
				<aspectratio aligny="center">keep</aspectratio>
				<visible>Skin.HasSetting(MusicOSDSize)</visible>
			</control>

			<!-- Now playing -->
			<control type="grouplist">
				<include>VisibleFadeAnimation</include>
				<include>WindowFadeAnimation</include>
				<left>980</left>
				<top>340</top>
				<hight>200</hight>
				<!-- Artist -->
				<control type="fadelabel">
					<width>700</width>
					<pauseatend>5000</pauseatend>
					<label>$INFO[MusicPlayer.Artist]</label>
					<visible>!String.IsEmpty(MusicPlayer.Artist)</visible>
				</control>
				<!-- Album + Year -->
				<control type="fadelabel">
					<width>700</width>
					<pauseatend>5000</pauseatend>
					<label>$INFO[MusicPlayer.Album]$INFO[MusicPlayer.Year, (,)]</label>
					<visible>!String.IsEmpty(MusicPlayer.Album)</visible>
				</control>
				<!-- Track/Title -->
				<control type="fadelabel">
					<width>700</width>
					<pauseatend>5000</pauseatend>
					<label>$INFO[MusicPlayer.TrackNumber,[LIGHT],.[/LIGHT] ]$INFO[Player.Title]</label>
				</control>
				<!-- Radio channel title -->
				<control type="fadelabel">
					<width>700</width>
					<label>$INFO[VideoPlayer.ChannelName,[LIGHT],[/LIGHT]]</label>
					<visible>!String.IsEmpty(VideoPlayer.ChannelName)</visible>
				</control>
				<!-- File information -->
				<control type="label">
					<width>700</width>
					<label>$VAR[MusicPlayerCodec,[LIGHT],[/LIGHT]  ]$INFO[MusicPlayer.BitRate,[LIGHT](,kBit/s)[/LIGHT]  ]$VAR[MusicPlayerChannels,[LIGHT],[/LIGHT]  ]$INFO[MusicPlayer.SampleRate,[LIGHT],kHz[/LIGHT]]</label>
					<visible>!String.StartsWith(MusicPlayer.Codec,dsd)</visible>
				</control>
				<control type="label">
					<width>700</width>
					<label>$VAR[MusicPlayerCodec,[LIGHT],[/LIGHT]  ]$VAR[MusicPlayerChannels,[LIGHT],[/LIGHT]  ]</label>
					<visible>String.StartsWith(MusicPlayer.Codec,dsd)</visible>
				</control>
			</control>

			<!-- Next playing -->
			<control type="grouplist">
				<visible>!String.IsEmpty(MusicPlayer.Offset(1).Title)</visible>
				<include>VisibleFadeAnimation</include>
				<include>WindowFadeAnimation</include>
				<left>980</left>
				<top>580</top>
				<hight>220</hight>
				<control type="label">
					<width>700</width>
					<font>font27</font>
					<label>[LIGHT]$LOCALIZE[209]:[/LIGHT]</label>
				</control>
				<control type="fadelabel">
					<width>700</width>
					<font>font27</font>
					<pauseatend>5000</pauseatend>
					<label>$VAR[MusicNextPlaying1,,]</label>
				</control>
				<control type="fadelabel">
					<width>700</width>
					<font>font27</font>
					<pauseatend>5000</pauseatend>
					<label>$VAR[MusicNextPlaying2,,]</label>
				</control>
				<control type="fadelabel">
					<width>700</width>
					<font>font27</font>
					<pauseatend>5000</pauseatend>
					<label>$VAR[MusicNextPlaying3,,]</label>
				</control>
			</control>
		</control>

		<control type="group">
			<visible>Window.IsActive(seekbar) | Window.IsActive(musicosd) | Player.ShowInfo</visible>
			<left>150</left>
			<top>870</top>
			<width>1620</width>
			<height>60</height>
			<animation effect="slide" end="0,-75" time="200" condition="Window.IsActive(musicosd)">Conditional</animation>
			<animation type="Visible">
				<effect type="zoom" start="90" end="100" center="auto" tween="back" easing="out" time="200"/>
				<effect type="fade" start="0" end="100" time="200"/>
			</animation>
			<animation type="Hidden">
				<effect type="zoom" start="100" end="90" center="auto" easing="in" time="200"/>
				<effect type="fade" start="100" end="0" time="200"/>
			</animation>

			<!-- Player forwarding/rewinding -->
			<control type="group">
				<width>140</width>
				<height>60</height>
				<visible>[player.forwarding | player.rewinding | player.istempo | Player.DisplayAfterSeek | player.paused] + !Player.Seeking</visible>
				<animation type="Visible">
					<effect type="zoom" start="90" end="100" center="auto" tween="back" easing="out" time="200"/>
					<effect type="fade" start="0" end="100" time="200"/>
				</animation>
				<animation type="Hidden">
					<effect type="zoom" start="100" end="90" center="auto" easing="in" time="200"/>
					<effect type="fade" start="100" end="0" time="200"/>
				</animation>

				<!-- Background -->
				<control type="image">
					<width>140</width>
					<height>60</height>
					<texture colordiffuse="$VAR[OverlayColor]">dialogs/Background.png</texture>
				</control>

				<!-- Status -->
				<control type="label">
					<width>140</width>
					<height>60</height>
					<font>Font36</font>
					<align>center</align>
					<label>$VAR[PlayerStatus]</label>
					<textcolor>$VAR[TextColor2]</textcolor>
					<visible>player.forwarding | player.rewinding | player.istempo</visible>
					<animation type="Visible">
						<effect type="fade" start="0" end="100" time="200"/>
					</animation>
					<animation type="Hidden">
						<effect type="fade" start="100" end="0" time="200"/>
					</animation>
				</control>

				<!-- Pause -->
				<control type="image">
					<left>40</left>
					<width>60</width>
					<height>60</height>
					<texture>osd/OSDPauseNF.png</texture>
					<visible>player.paused</visible>
					<animation type="Visible">
						<effect type="fade" start="0" end="100" time="200"/>
					</animation>
					<animation type="Hidden">
						<effect type="fade" start="100" end="0" time="200"/>
					</animation>
				</control>
				
				<!-- Play after seek -->
				<control type="image">
					<left>40</left>
					<width>60</width>
					<height>60</height>
					<texture colordiffuse="$VAR[DialogColor1]">osd/OSDPlayNF.png</texture>
					<visible>Player.DisplayAfterSeek + ![Player.Paused | player.forwarding | player.rewinding | player.istempo]</visible>
					<animation type="Visible">
						<effect type="fade" start="0" end="100" time="200"/>
					</animation>
					<animation type="Hidden">
						<effect type="fade" start="100" end="0" time="200"/>
					</animation>
				</control>

			</control>

			<!-- Player skipping -->
			<control type="group">
				<right>0</right>
				<width>140</width>
				<height>60</height>
				<visible>Integer.IsGreater(MusicPlayer.PlaylistLength,0)</visible>
				<animation type="Visible">
					<effect type="zoom" start="90" end="100" center="auto" tween="back" easing="out" time="200"/>
					<effect type="fade" start="0" end="100" time="200"/>
				</animation>
				<animation type="Hidden">
					<effect type="zoom" start="100" end="90" center="auto" easing="in" time="200"/>
					<effect type="fade" start="100" end="0" time="200"/>
				</animation>

				<!-- Background -->
				<control type="image">
					<width>140</width>
					<height>60</height>
					<texture colordiffuse="$VAR[OverlayColor]">dialogs/Background.png</texture>
				</control>

				<!-- Status -->
				<control type="label">
					<width>140</width>
					<height>60</height>
					<font>Font27</font>
					<align>center</align>
					<label>[B]$INFO[Player.Chapter,(,/]$INFO[Player.ChapterCount,,)][/B][B]$INFO[MusicPlayer.PlaylistPosition,(,/]$INFO[MusicPlayer.PlaylistLength,,)][/B]</label>
					<textcolor>$VAR[TextColor2]</textcolor>
					<visible>!Window.IsVisible(visualisation) + String.IsEmpty(Player.SeekStepSize)</visible>
				</control>
				
				<!-- Status -->
				<control type="label">
					<width>140</width>
					<height>60</height>
					<font>Font27</font>
					<align>center</align>
					<label>[B]$INFO[MusicPlayer.PlaylistPosition,(,/]$INFO[MusicPlayer.PlaylistLength,,)][/B]</label>
					<textcolor>$VAR[TextColor2]</textcolor>
					<visible>Window.IsVisible(visualisation) + String.IsEmpty(Player.SeekStepSize)</visible>
				</control>
				
				<!-- Status -->
				<control type="label">
					<width>140</width>
					<height>60</height>
					<font>Font27</font>
					<align>center</align>
					<visible>!String.IsEmpty(Player.SeekStepSize)</visible>
					<label>$INFO[Player.SeekStepSize]</label>
					<textcolor>$VAR[TextColor2]</textcolor>
				</control>

			</control>

			<!-- Progress -->
			<control type="group">
				<top>75</top>
				<width>1620</width>
				<height>60</height>

				<!-- Background -->
				<control type="image">
					<width>1620</width>
					<height>60</height>
					<texture colordiffuse="$VAR[OverlayColor]">dialogs/Background.png</texture>
					<visible>Integer.IsGreater(Player.Duration,0)</visible>
				</control>
				<control type="image">
					<width>180</width>
					<height>60</height>
					<texture colordiffuse="$VAR[OverlayColor]">dialogs/Background.png</texture>
					<visible>!Integer.IsGreater(Player.Duration,0)</visible>
				</control>
				<control type="image">
					<left>1280</left>
					<width>340</width>
					<height>60</height>
					<texture colordiffuse="$VAR[OverlayColor]">dialogs/Background.png</texture>
					<visible>!Integer.IsGreater(Player.Duration,0)</visible>
				</control>

				<!--  Current position/Time remaining -->
				<control type="label">
					<left>20</left>
					<width>260</width>
					<height>60</height>
					<font>Font27</font>
					<textcolor>$VAR[TextColor2]</textcolor>
					<label>$INFO[Player.Time]$INFO[Player.Duration, / ,]</label>
					<visible>Integer.IsGreater(Player.Duration,0)</visible>
				</control>
				<control type="label">
					<left>20</left>
					<width>140</width>
					<height>60</height>
					<font>Font27</font>
					<align>center</align>
					<textcolor>$VAR[TextColor2]</textcolor>
					<label>$INFO[Player.Time]</label>
					<visible>!Integer.IsGreater(Player.Duration,0)</visible>
				</control>

				<!--  Progress bar -->
				<control type="progress">
					<left>280</left>
					<top>20</top>
					<width>920</width>
					<height>20</height>
					<info>Player.Progress</info>
					<texturebg border="2">osd/OSDProgressBack.png</texturebg>
					<lefttexture></lefttexture>
					<midtexture border="2">osd/OSDProgressBar.png</midtexture>
					<righttexture></righttexture>
					<overlaytexture></overlaytexture>
					<visible>Integer.IsGreater(Player.Duration,0)</visible>
				</control>

				<!--  Cache bar -->
				<control type="progress">
					<left>280</left>
					<top>20</top>
					<width>920</width>
					<height>20</height>
					<info>Player.ProgressCache</info>
					<texturebg colordiffuse="$VAR[DialogColor2]" border="2">osd/OSDProgressBack.png</texturebg>
					<lefttexture></lefttexture>
					<midtexture colordiffuse="OSDCache" border="2">osd/OSDProgressBar.png</midtexture>
					<righttexture></righttexture>
					<overlaytexture></overlaytexture>
					<visible>Integer.IsGreater(Player.Duration,0)</visible>
				</control>

				<!-- Current Time/End Time -->
				<control type="label">
					<left>1001</left>
					<width>600</width>
					<height>60</height>
					<align>right</align>
					<font>Font27</font>
					<textcolor>$VAR[TextColor2]</textcolor>
					<label>$INFO[System.Time,$LOCALIZE[142] ,]$INFO[Player.FinishTime, / $LOCALIZE[19081] ,]</label>
					<visible>Integer.IsGreater(Player.Duration,0)</visible>
				</control>
				<control type="label">
					<left>1301</left>
					<width>300</width>
					<height>60</height>
					<align>center</align>
					<font>Font27</font>
					<textcolor>$VAR[TextColor2]</textcolor>
					<label>$INFO[System.Time,$LOCALIZE[142] ,]</label>
					<visible>!Integer.IsGreater(Player.Duration,0)</visible>
				</control>

			</control>

		</control>

	</controls>

</window>