<?xml version="1.0" encoding="UTF-8"?>
<window>
	<!-- programs -->
	<backgroundcolor>0x00000000</backgroundcolor>
	<defaultcontrol always="true">50</defaultcontrol>
	<views>50,55</views>

	<controls>

		<!-- Background -->
		<include>WindowBackgroundImage</include>

		<!-- Main group -->
		<control type="group">
			<include>WindowFadeAnimation</include>

			<!-- Views -->
			<include>Viewtype50</include>
			<include>Viewtype55</include>

			<!-- Scrollbar (list) -->
			<control type="scrollbar" id="60">
				<left>690</left>
				<centertop>50%</centertop>
				<width>20</width>
				<height>720</height>
				<onleft condition="!Skin.HasSetting(KioskMode)">3001</onleft>
				<onright>50</onright>
				<showonepage>false</showonepage>
				<orientation>vertical</orientation>
				<colordiffuse>$VAR[OverlayColorNF]</colordiffuse>
				<texturesliderbackground border="9,1,6,1">common/ScrollBackground.png</texturesliderbackground>
				<texturesliderbar border="8,1,6,1">common/ScrollbarGripNF.png</texturesliderbar>
				<texturesliderbarfocus border="8,1,6,1" colordiffuse="$VAR[DialogColor1]">common/ScrollbarGripFO.png</texturesliderbarfocus>
				<textureslidernib></textureslidernib>
				<textureslidernibfocus></textureslidernibfocus>
				<visible>!Skin.HasSetting(Scrollbars) + Control.IsVisible(50)</visible>
			</control>

			<!-- Scrollbar (wall) -->
			<control type="scrollbar" id="65">
				<left>120</left>
				<top>237</top>
				<width>20</width>
				<height>646</height>
				<onleft condition="!Skin.HasSetting(KioskMode)">3001</onleft>
				<onright>50</onright>
				<showonepage>false</showonepage>
				<orientation>vertical</orientation>
				<colordiffuse>$VAR[OverlayColorNF]</colordiffuse>
				<texturesliderbackground border="6,1,8,1">common/ScrollBackground.png</texturesliderbackground>
				<texturesliderbar border="8,1,6,1">common/ScrollbarGripNF.png</texturesliderbar>
				<texturesliderbarfocus border="8,1,6,1" colordiffuse="$VAR[DialogColor1]">common/ScrollbarGripFO.png</texturesliderbarfocus>
				<textureslidernib></textureslidernib>
				<textureslidernibfocus></textureslidernibfocus>
				<visible>!Skin.HasSetting(Scrollbars) + Control.IsVisible(55)</visible>
			</control>

			<!-- Item count -->
			<include>ItemCount</include>
			
			<!-- Submenu indicator -->
			<include>SubmenuIndicator</include>

		</control>

		<!-- Time -->
		<include>Time</include>

		<!-- Options -->
		<control type="group" id="9002">
			<control type="image">
				<include>FullscreenDimensions</include>
				<texture colordiffuse="$VAR[DarkenColor]">dialogs/DialogTextBackground.png</texture>
				<animation effect="fade" start="0" end="100" time="200">Visible</animation>
				<animation effect="fade" start="100" end="0" time="200">Hidden</animation>
				<visible>ControlGroup(9002).HasFocus</visible>
			</control>
			<control type="group">
				<left>-450</left>
				<top>0</top>
				<animation effect="slide" start="0,0" end="450,0" time="200" condition="ControlGroup(9002).HasFocus">Conditional</animation>
				<control type="image">
					<left>0</left>
					<top>0</top>
					<width>450</width>
					<height>1080</height>
					<texture colordiffuse="$VAR[OverlayColor]">dialogs/Background.png</texture>
				</control>
				<control type="button">
					<left>0</left>
					<top>0</top>
					<width>460</width>
					<height>1080</height>
					<texturefocus>noop</texturefocus>
				</control>

				<!-- Look controls -->
				<control type="grouplist" id="3001">
					<left>20</left>
					<top>10</top> <!-- -10 because there are two spacers -->
					<width>410</width>
					<height>1040</height>
					<onleft>50</onleft>
					<onright>50</onright>
					<scrolltime>200</scrolltime>
					<orientation>vertical</orientation>
					<itemgap>0</itemgap>
					<defaultcontrol always="true">99</defaultcontrol>

					<include content="SideMenuAnimation">
						<param name="containerID">3001</param>
					</include>

					<!-- View -->
					<control type="button" id="99">
						<height>52</height>
						<label>$INFO[Container.ViewMode]</label>
						<onclick>Container.NextViewMode</onclick>
					</control>
					<!-- Scrollbars -->
					<control type="radiobutton" id="94">
						<height>52</height>
						<label>31005</label>
						<onclick>Skin.ToggleSetting(Scrollbars)</onclick>
						<selected>!Skin.HasSetting(Scrollbars)</selected>
					</control>


					<control type="image" id="80">
						<left>0</left>
						<top>0</top>
						<width>410</width>
						<height>10</height>
						<texture>transparent.png</texture>
					</control>


					<!-- Sort by -->
					<control type="button" id="3">
						<height>52</height>
						<label>103</label>
						<visible>Control.IsEnabled(3)</visible>
					</control>
					<!-- Sort ascending/descending -->
					<control type="togglebutton" id="4">
						<height>52</height>
						<label>584</label>
						<altlabel>585</altlabel>
						<usealttexture>Container.SortDirection(Descending)</usealttexture>
						<visible>Control.IsEnabled(4)</visible>
					</control>
					<!-- Filter -->
					<control type="edit" id="19">
						<height>52</height>
						<label>587</label>
						<visible>Container.CanFilter + !Container.CanFilterAdvanced</visible>
					</control>
					<!-- Filter -->
					<control type="radiobutton" id="93">
						<height>52</height>
						<label>587</label>
						<onclick>Right</onclick>
						<onclick>Right</onclick>
						<onclick>Filter</onclick>
						<selected>Container.Filtered</selected>
						<visible>Container.CanFilterAdvanced</visible>
					</control>


					<control type="image" id="81">
						<left>0</left>
						<top>0</top>
						<width>410</width>
						<height>10</height>
						<texture colordiffuse="$VAR[OverlayColor]">transparent.png</texture>
					</control>


					<control type="button" id="92">
						<height>52</height>
						<label>$LOCALIZE[21452]</label>
						<onclick>ActivateWindow(addonbrowser)</onclick>
					</control>
				</control>
			</control>
		</control>

	</controls>

</window>