<?xml version="1.0" encoding="UTF-8"?>
<window>
	<!-- videolibrary -->
	<backgroundcolor>0x00000000</backgroundcolor>
	<defaultcontrol>10</defaultcontrol>
	<views>10</views>

	<controls>

		<!-- Background -->
		<include>WindowBackgroundImage</include>

		<!-- Main group -->
		<control type="group">
			<include>WindowFadeAnimation</include>

			<control type="group">
				<visible>Control.IsVisible(10)</visible>

				<!-- Scrollbar (list) -->
				<control type="scrollbar" id="60">
					<left>70</left>
					<top>230</top>
					<width>20</width>
					<height>552</height>
					<onleft condition="!Skin.HasSetting(KioskMode)">3000</onleft>
					<onright>10</onright>
					<showonepage>false</showonepage>
					<orientation>vertical</orientation>
					<colordiffuse>$VAR[OverlayColorNF]</colordiffuse>
					<texturesliderbackground border="11,1,1,1">common/ScrollBackground.png</texturesliderbackground>
					<texturesliderbar border="11,1,1,1">common/ScrollbarGripNF.png</texturesliderbar>
					<texturesliderbarfocus border="11,1,1,1" colordiffuse="$VAR[DialogColor1]">common/ScrollbarGripFO.png</texturesliderbarfocus>
					<textureslidernib></textureslidernib>
					<textureslidernibfocus></textureslidernibfocus>
				</control>
				
				<!-- EPG Grid -->
				<control type="epggrid" id="10">
					<left>120</left>
					<top>174</top>
					<width>1680</width>
					<height>606</height>
					<onup>10</onup>
					<ondown>10</ondown>
					<onleft>10</onleft>
					<onright>10</onright>
					<onback>60</onback>
					<rulerunit>12</rulerunit>
					<timeblocks>54</timeblocks>
					<pagecontrol>60</pagecontrol>
					<viewtype label="19032">list</viewtype>
					<progresstexture border="4,61,4,4">pvr/ProgressTimeline.png</progresstexture>
					<scrolltime tween="sine" easing="out">240</scrolltime>

					<rulerlayout width="100" height="54">

						<control type="label" id="2">
							<width>100</width>
							<height>33</height>
							<font>Font33</font>
							<label>[LIGHT]$INFO[ListItem.Label][/LIGHT]</label>
						</control>

					</rulerlayout>

					<channellayout width="450" height="69">

						<!-- Channel image -->
						<control type="image">
							<left>1</left>
							<top>1</top>
							<width>67</width>
							<height>67</height>
							<aspectratio>keep</aspectratio>
							<texture background="true" fallback="pvr/defaultchannel.png">$VAR[PVRChannelIcon]</texture>
						</control>

						<!-- Channel name -->
						<control type="label">
							<left>75</left>
							<width>282</width>
							<height>69</height>
							<textcolor>$VAR[TextColor2]</textcolor>
							<label>[LIGHT]$INFO[ListItem.ChannelName][/LIGHT]</label>
						</control>

						<!-- Channel number -->
						<control type="label">
							<left>350</left>
							<width>88</width>
							<height>69</height>
							<align>right</align>
							<textcolor>$VAR[TextColor2]</textcolor>
							<label>[LIGHT]$INFO[ListItem.ChannelNumberLabel][/LIGHT]</label>
						</control>

					</channellayout>

					<focusedchannellayout width="450" height="69">

						<!-- Channel image -->
						<control type="image">
							<left>1</left>
							<top>1</top>
							<width>67</width>
							<height>67</height>
							<aspectratio>keep</aspectratio>
							<texture background="true" fallback="pvr/defaultchannel.png">$VAR[PVRChannelIcon]</texture>
						</control>

						<!-- Channel name -->
						<control type="fadelabel">
							<left>75</left>
							<width>282</width>
							<height>69</height>
							<label>[B]$INFO[ListItem.ChannelName][/B]</label>
							<textcolor>$VAR[TextColor1]</textcolor>
							<animation effect="fade" start="100" end="50" time="200" tween="cubic" easing="out" reversible="true" condition="!Control.HasFocus(10)">Conditional</animation>
						</control>

						<!-- Channel number -->
						<control type="label">
							<left>350</left>
							<width>88</width>
							<height>69</height>
							<align>right</align>
							<label>$INFO[ListItem.ChannelNumberLabel]</label>
							<textcolor>$VAR[TextColor1]</textcolor>
							<animation effect="fade" start="100" end="50" time="200" tween="cubic" easing="out" reversible="true" condition="!Control.HasFocus(10)">Conditional</animation>
						</control>
						
						<!-- Highlighting -->
						<control type="image">
							<left>75</left>
							<top>5</top>
							<width>363</width>
							<height>58</height>
							<texture colordiffuse="$VAR[TextColor1]">$VAR[focus58]</texture>
							<animation effect="fade" start="100" end="50" time="200" tween="cubic" easing="out" reversible="true" condition="!Control.HasFocus(10)">Conditional</animation>
						</control>

					</focusedchannellayout>

					<itemlayout width="100" height="69">

						<!-- Background -->
						<control type="image" id="14">
							<left>1</left>
							<top>1</top>
							<width>98</width>
							<height>67</height>
							<colordiffuse>55ffffff</colordiffuse>
							<texture border="2">pvr/ProgressBack.png</texture>
						</control>

						<!-- Program name -->
						<control type="label" id="1">
							<left>10</left>
							<top>0</top>
							<width>80</width>
							<height>69</height>
							<textcolor>$VAR[TextColor2]</textcolor>
							<label>[LIGHT]$INFO[ListItem.Label][/LIGHT]</label>
						</control>

						<!-- Recording image -->
						<control type="image">
							<left>6</left>
							<top>48</top>
							<width>18</width>
							<height>18</height>
							<texture>pvr/Recording.png</texture>
							<visible>ListItem.IsRecording</visible>
						</control>

						<!-- Timer image -->
						<control type="image">
							<left>6</left>
							<top>48</top>
							<width>18</width>
							<height>18</height>
							<texture>pvr/Timer.png</texture>
							<visible>[ListItem.HasTimer | ListItem.HasTimerSchedule] + !ListItem.IsRecording</visible>
						</control>

					</itemlayout>

					<focusedlayout width="100" height="69">

						<!-- Background -->
						<control type="image" id="14">
							<left>1</left>
							<top>1</top>
							<width>98</width>
							<height>67</height>
							<texture border="2">pvr/ProgressBack.png</texture>
						</control>

						<!-- Program name -->
						<control type="fadelabel" id="1">
							<left>10</left>
							<top>0</top>
							<width>80</width>
							<height>69</height>
							<label>[B]$INFO[ListItem.Label][/B]</label>
							<textcolor>$VAR[TextColor1]</textcolor>
							<animation effect="fade" start="100" end="50" time="200" tween="cubic" easing="out" reversible="true" condition="!Control.HasFocus(10)">Conditional</animation>
						</control>

						<!-- Recording image -->
						<control type="image">
							<left>6</left>
							<top>48</top>
							<width>18</width>
							<height>18</height>
							<texture>pvr/Recording.png</texture>
							<visible>ListItem.IsRecording</visible>
						</control>

						<!-- Timer image -->
						<control type="image">
							<left>6</left>
							<top>48</top>
							<width>18</width>
							<height>18</height>
							<texture>pvr/Timer.png</texture>
							<visible>[ListItem.HasTimer | ListItem.HasTimerSchedule] + !ListItem.IsRecording</visible>
						</control>

					</focusedlayout>

				</control>

				<!-- Program preview & info -->
				<control type="group">
					<left>120</left>
					<top>840</top>

					<control type="image">
						<width>120</width>
						<height>120</height>
						<aspectratio>keep</aspectratio>
						<texture background="true" fallback="pvr/defaultchannel.png">$INFO[ListItem.Icon]</texture>
						<aspectratio align="right" aligny="top">keep</aspectratio>
					</control>

					<control type="fadelabel">
						<left>180</left>
						<top>20</top>
						<width>500</width>
						<height>36</height>
						<label>[B]$INFO[ListItem.Label][/B]</label>
						<textcolor>$VAR[TextColor1]</textcolor>
						<pauseatend>5000</pauseatend>
					</control>

					<control type="fadelabel">
						<left>180</left>
						<top>62</top>
						<width>500</width>
						<height>36</height>
						<label>$INFO[ListItem.EpisodeName]</label>
						<textcolor>$VAR[TextColor1]</textcolor>
						<aligny>top</aligny>
						<pauseatend>5000</pauseatend>
						<visible>!String.IsEmpty(ListItem.EpisodeName) + !String.IsEmpty(ListItem.Episode)</visible>
					</control>
					
					<control type="label">
						<left>180</left>
						<top>98</top>
						<width>500</width>
						<height>36</height>
						<label>$VAR[SElist]</label>
						<textcolor>$VAR[TextColor1]</textcolor>
						<aligny>top</aligny>
						<pauseatend>5000</pauseatend>
						<visible>!String.IsEmpty(ListItem.EpisodeName) + !String.IsEmpty(ListItem.Episode)</visible>
					</control>
					
					<control type="label">
						<left>180</left>
						<top>134</top>
						<width>500</width>
						<height>36</height>
						<label>$INFO[ListItem.StartTime]$INFO[ListItem.EndTime, - ]</label>
						<textcolor>$VAR[TextColor1]</textcolor>
						<aligny>top</aligny>
						<visible>!String.IsEmpty(ListItem.EpisodeName) + !String.IsEmpty(ListItem.Episode)</visible>
					</control>
					
					<control type="fadelabel">
						<left>180</left>
						<top>62</top>
						<width>500</width>
						<height>36</height>
						<label>$INFO[ListItem.EpisodeName]</label>
						<textcolor>$VAR[TextColor1]</textcolor>
						<aligny>top</aligny>
						<pauseatend>5000</pauseatend>
						<visible>!String.IsEmpty(ListItem.EpisodeName) + String.IsEmpty(ListItem.Episode)</visible>
					</control>
					
					<control type="label">
						<left>180</left>
						<top>98</top>
						<width>500</width>
						<height>36</height>
						<label>$INFO[ListItem.StartTime]$INFO[ListItem.EndTime, - ]</label>
						<textcolor>$VAR[TextColor1]</textcolor>
						<aligny>top</aligny>
						<visible>!String.IsEmpty(ListItem.EpisodeName) + String.IsEmpty(ListItem.Episode)</visible>
					</control>
					
					<control type="label">
						<left>180</left>
						<top>62</top>
						<width>500</width>
						<height>36</height>
						<label>$INFO[ListItem.StartTime]$INFO[ListItem.EndTime, - ]</label>
						<textcolor>$VAR[TextColor1]</textcolor>
						<aligny>top</aligny>
						<visible>String.IsEmpty(ListItem.EpisodeName) + String.IsEmpty(ListItem.Episode)</visible>
					</control>

					<!-- Plot -->
					<control type="group">
						<left>880</left>
						<width>800</width>
						<height>140</height>
						<align>justify</align>
						<control type="textbox">
							<label fallback="161">$VAR[Plot]</label>
							<textcolor>$VAR[TextColor1]</textcolor>
							<autoscroll delay="8000" time="1800" repeat="10000">true</autoscroll>
							<visible>Skin.String(PlotFont,S) | Skin.String(PlotFont,S light)</visible>
						</control>
						<control type="textbox">
							<font>Font30</font>
							<label fallback="161">$VAR[Plot]</label>
							<textcolor>$VAR[TextColor1]</textcolor>
							<autoscroll delay="8000" time="1700" repeat="10000">true</autoscroll>
							<visible>Skin.String(PlotFont,M) | Skin.String(PlotFont,M light)</visible>
						</control>
						<control type="textbox">
							<font>Font33</font>
							<label fallback="161">$VAR[Plot]</label>
							<textcolor>$VAR[TextColor1]</textcolor>
							<autoscroll delay="8000" time="1600" repeat="10000">true</autoscroll>
							<visible>Skin.String(PlotFont,L) | Skin.String(PlotFont,XL) | Skin.String(PlotFont,L light) | Skin.String(PlotFont,XL light)</visible>
						</control>
					</control>

				</control>

			</control>

		</control>

		<!-- Time -->
		<include>Time</include>
		
		<!-- Submenu indicator -->
		<control type="group">
			<visible>!Window.IsVisible(contextmenu) + !Skin.HasSetting(KioskMode) + Control.HasFocus(10)</visible>
			<animation effect="fade" start="0" end="100" time="200">VisibleChange</animation>
			<animation effect="slide" time="200" start="-200,0" end="0,0">WindowOpen</animation>
			<animation effect="slide" time="200" start="0,0" end="-200,0">WindowClose</animation>
			<control type="image">
				<left>10</left>
				<centertop>50%</centertop>
				<width>30</width>
				<height>30</height>
				<texture colordiffuse="$VAR[DialogColor2]">sub-menu-return.png</texture>
			</control>
		</control>
		<control type="group">
			<visible>!Window.IsVisible(contextmenu) + Control.HasFocus(60)</visible>
			<animation effect="fade" start="0" end="100" time="200">VisibleChange</animation>
			<animation effect="slide" time="200" start="-200,0" end="0,0">WindowOpen</animation>
			<animation effect="slide" time="200" start="0,0" end="-200,0">WindowClose</animation>
			<control type="image">
				<left>10</left>
				<centertop>50%</centertop>
				<width>30</width>
				<height>30</height>
				<texture colordiffuse="$VAR[DialogColor2]">sub-menu-left.png</texture>
			</control>
		</control>

		<!-- Options -->
		<control type="group" id="9002">
			<control type="image">
				<include>FullscreenDimensions</include>
				<texture colordiffuse="$VAR[DarkenColor]">dialogs/DialogTextBackground.png</texture>
				<animation effect="fade" start="0" end="100" time="200">Visible</animation>
				<animation effect="fade" start="100" end="0" time="200">Hidden</animation>
				<visible>ControlGroup(9002).HasFocus</visible>
			</control>
			<control type="group">
				<left>-450</left>
				<top>0</top>
				<animation effect="slide" start="0,0" end="450,0" time="200" condition="ControlGroup(9002).HasFocus">Conditional</animation>
				<control type="image">
					<left>0</left>
					<top>0</top>
					<width>450</width>
					<height>1080</height>
					<texture colordiffuse="$VAR[OverlayColor]">dialogs/Background.png</texture>
				</control>
				<control type="button">
					<left>0</left>
					<top>0</top>
					<width>460</width>
					<height>1080</height>
					<texturefocus>noop</texturefocus>
				</control>

				<!-- Look controls -->
				<control type="grouplist" id="3000">
					<left>20</left>
					<top>15</top> <!-- -5 because there is one spacer -->
					<width>410</width>
					<height>1040</height>
					<onleft>10</onleft>
					<onright>10</onright>
					<scrolltime>200</scrolltime>
					<orientation>vertical</orientation>
					<itemgap>0</itemgap>
					<defaultcontrol always="true">99</defaultcontrol>

					<include content="SideMenuAnimation">
						<param name="containerID">3000</param>
					</include>

					<!-- Channel Groups -->
					<control type="button" id="28">
						<height>52</height>
						<label></label>
						<visible>Control.IsEnabled(28)</visible>
					</control>
					<!-- Group recording items by folder structure -->
					<control type="radiobutton" id="5">
						<height>52</height>
						<label>19270</label>
						<visible>Window.IsActive(TVRecordings) | Window.IsActive(RadioRecordings)</visible>
					</control>
					
					<control type="image" id="81">
						<left>0</left>
						<top>0</top>
						<width>410</width>
						<height>10</height>
						<texture>transparent.png</texture>
					</control>

					<control type="image" id="95">
						<left>0</left>
						<top>0</top>
						<width>410</width>
						<height>10</height>
						<texture>transparent.png</texture>
					</control>

					<!-- Channels -->
					<control type="button" id="100">
						<height>52</height>
						<onclick condition="String.IsEmpty(Window.Property(IsRadio))">ActivateWindow(TVChannels)</onclick>
						<onclick condition="!String.IsEmpty(Window.Property(IsRadio))">ActivateWindow(RadioChannels)</onclick>
						<onclick>SetFocus(10)</onclick>
						<label>19019</label>
						<visible>Window.IsActive(TVGuide) | Window.IsActive(RadioGuide) | Window.IsActive(TVRecordings) | Window.IsActive(RadioRecordings) | Window.IsActive(TVTimers) | Window.IsActive(RadioTimers) | Window.IsActive(TVTimerRules) | Window.IsActive(RadioTimerRules) | Window.IsActive(TVSearch) | Window.IsActive(RadioSearch)</visible>
					</control>
					<!-- Guide -->
					<control type="button" id="102">
						<height>52</height>
						<label>22020</label>
						<onclick condition="String.IsEmpty(Window.Property(IsRadio))">ActivateWindow(TVGuide)</onclick>
						<onclick condition="!String.IsEmpty(Window.Property(IsRadio))">ActivateWindow(RadioGuide)</onclick>
						<onclick>SetFocus(10)</onclick>
						<visible>Window.IsActive(TVChannels) | Window.IsActive(RadioChannels) | Window.IsActive(TVRecordings) | Window.IsActive(RadioRecordings) | Window.IsActive(TVTimers) | Window.IsActive(RadioTimers) | Window.IsActive(TVTimerRules) | Window.IsActive(RadioTimerRules) | Window.IsActive(TVSearch) | Window.IsActive(RadioSearch)</visible>
					</control>
					<!-- Recordings -->
					<control type="button" id="103">
						<height>52</height>
						<onclick condition="String.IsEmpty(Window.Property(IsRadio))">ActivateWindow(TVRecordings)</onclick>
						<onclick condition="!String.IsEmpty(Window.Property(IsRadio))">ActivateWindow(RadioRecordings)</onclick>
						<onclick>SetFocus(10)</onclick>
						<label>19163</label>
						<visible>Window.IsActive(TVChannels) | Window.IsActive(RadioChannels) | Window.IsActive(TVGuide) | Window.IsActive(RadioGuide) | Window.IsActive(TVTimers) | Window.IsActive(RadioTimers) | Window.IsActive(TVTimerRules) | Window.IsActive(RadioTimerRules) | Window.IsActive(TVSearch) | Window.IsActive(RadioSearch)</visible>
					</control>
					<!-- Timers -->
					<control type="button" id="35">
						<height>52</height>
						<onclick condition="String.IsEmpty(Window.Property(IsRadio))">ActivateWindow(TVTimers)</onclick>
						<onclick condition="!String.IsEmpty(Window.Property(IsRadio))">ActivateWindow(RadioTimers)</onclick>
						<onclick>SetFocus(50)</onclick>
						<label>19040</label>
						<visible>Window.IsActive(TVChannels) | Window.IsActive(RadioChannels) | Window.IsActive(TVGuide) | Window.IsActive(RadioGuide) | Window.IsActive(TVRecordings) | Window.IsActive(RadioRecordings) | Window.IsActive(TVTimerRules) | Window.IsActive(RadioTimerRules) | Window.IsActive(TVSearch) | Window.IsActive(RadioSearch)</visible>
					</control>
					<!-- Rules -->
					<control type="button" id="36">
						<height>52</height>
						<onclick condition="String.IsEmpty(Window.Property(IsRadio))">ActivateWindow(TVTimerRules)</onclick>
						<onclick condition="!String.IsEmpty(Window.Property(IsRadio))">ActivateWindow(RadioTimerRules)</onclick>
						<onclick>SetFocus(50)</onclick>
						<label>$LOCALIZE[31022]</label>
						<visible>Window.IsActive(TVChannels) | Window.IsActive(RadioChannels) | Window.IsActive(TVGuide) | Window.IsActive(RadioGuide) | Window.IsActive(TVRecordings) | Window.IsActive(RadioRecordings) | Window.IsActive(TVTimers) | Window.IsActive(RadioTimers) | Window.IsActive(TVSearch) | Window.IsActive(RadioSearch)</visible>
					</control>
					<!-- Search -->
					<control type="button" id="37">
						<height>52</height>
						<onclick condition="String.IsEmpty(Window.Property(IsRadio))">ActivateWindow(TVSearch)</onclick>
						<onclick condition="!String.IsEmpty(Window.Property(IsRadio))">ActivateWindow(RadioSearch)</onclick>
						<onclick>SetFocus(50)</onclick>
						<label>137</label>
						<visible>Window.IsActive(TVChannels) | Window.IsActive(RadioChannels) | Window.IsActive(TVGuide) | Window.IsActive(RadioGuide) | Window.IsActive(TVRecordings) | Window.IsActive(RadioRecordings) | Window.IsActive(TVTimers) | Window.IsActive(RadioTimers) | Window.IsActive(TVTimerRules) | Window.IsActive(RadioTimerRules)</visible>
					</control>
					
				</control>
			</control>
		</control>

	</controls>

</window>