<?xml version="1.0" encoding="UTF-8"?>
<window>
	<!-- playercontrols -->
	<defaultcontrol always="true">5</defaultcontrol>
	<visible>Player.HasMedia + Window.IsActive(PlayerControls) + !VideoPlayer.IsFullscreen + !Window.IsActive(Visualisation)</visible>

	<controls>

		<control type="group">
			<left>150</left>
			<top>985</top>
			<width>1620</width>
			<height>60</height>
			<animation type="WindowOpen">
				<effect type="zoom" start="90" end="100" center="auto" tween="back" easing="out" time="200"/>
				<effect type="fade" start="0" end="100" time="200"/>
			</animation>
			<animation type="WindowClose">
				<effect type="zoom" start="100" end="90" center="auto" easing="in" time="200"/>
				<effect type="fade" start="100" end="0" time="200"/>
			</animation>

			<!-- Background -->
			<control type="image">
				<width>1620</width>
				<height>60</height>
				<texture colordiffuse="$VAR[OverlayColor]">dialogs/Background.png</texture>
			</control>

			<!-- Controls -->
			<control type="grouplist">
				<width>360</width>
				<height>60</height>
				<itemgap>0</itemgap>
				<onleft>21</onleft>
				<onright>20</onright>
				<onup>Close</onup>
				<ondown>Close</ondown>
				<orientation>horizontal</orientation>

				<!-- Spacer -->
				<control type="image" id="40">
					<left>0</left>
					<top>0</top>
					<width>7</width>
					<height>60</height>
					<texture>transparent.png</texture>
				</control>

				<!-- Skip Back -->
				<control type="button" id="1">
					<width>9</width>
					<height>60</height>
					<texturefocus colordiffuse="$VAR[DialogColor1]">osd/OSDTrickBackwardEnd.png</texturefocus>
					<texturenofocus colordiffuse="$VAR[DialogColor2]">osd/OSDTrickBackwardEnd.png</texturenofocus>
					<onclick>PlayerControl(Previous)</onclick>
					<visible>!VideoPlayer.Content(LiveTV)</visible>
				</control>
				<!-- Rewind -->
				<control type="togglebutton" id="2">
					<width>18</width>
					<height>60</height>
					<texturefocus colordiffuse="$VAR[DialogColor1]">osd/OSDTrickBackward.png</texturefocus>
					<texturenofocus colordiffuse="$VAR[DialogColor2]">osd/OSDTrickBackward.png</texturenofocus>
					<alttexturefocus colordiffuse="$VAR[DialogColor1]">osd/OSDTrickBackward.png</alttexturefocus>
					<alttexturenofocus colordiffuse="$VAR[DialogColor1]">osd/OSDTrickBackward.png</alttexturenofocus>
					<usealttexture>Control.HasFocus(1)</usealttexture>
					<onclick>PlayerControl(Rewind)</onclick>
					<visible>Player.SeekEnabled</visible>
				</control>
				<!-- Tempo Down -->
				<control type="togglebutton" id="3">
					<width>18</width>
					<height>60</height>
					<texturefocus colordiffuse="$VAR[DialogColor1]">osd/OSDTrickBackward.png</texturefocus>
					<texturenofocus colordiffuse="$VAR[DialogColor2]">osd/OSDTrickBackward.png</texturenofocus>
					<alttexturefocus colordiffuse="$VAR[DialogColor1]">osd/OSDTrickBackward.png</alttexturefocus>
					<alttexturenofocus colordiffuse="$VAR[DialogColor1]">osd/OSDTrickBackward.png</alttexturenofocus>
					<usealttexture>Control.HasFocus(1) | Control.HasFocus(2)</usealttexture>
					<onclick>PlayerControl(TempoDown)</onclick>
					<visible>Player.SeekEnabled</visible>
					<enable>Player.TempoEnabled</enable>
				</control>

				<!-- Spacer -->
				<control type="image" id="41">
					<left>0</left>
					<top>0</top>
					<width>7</width>
					<height>60</height>
					<texture>transparent.png</texture>
				</control>

				<!-- Up -->
				<control type="button" id="4">
					<width>60</width>
					<height>60</height>
					<texturefocus colordiffuse="$VAR[DialogColor1]">osd/OSDUpNF.png</texturefocus>
					<texturenofocus colordiffuse="$VAR[DialogColor2]">osd/OSDUpNF.png</texturenofocus>
					<onclick>PlayerControl(Previous)</onclick>
					<visible>VideoPlayer.Content(LiveTV)</visible>
				</control>

				<!-- Play / Pause -->
				<control type="togglebutton" id="5">
					<width>60</width>
					<height>60</height>
					<texturefocus colordiffuse="$VAR[DialogColor1]">osd/OSDPauseNF.png</texturefocus>
					<texturenofocus colordiffuse="$VAR[DialogColor2]">osd/OSDPauseNF.png</texturenofocus>
					<usealttexture>Player.Paused | Player.Forwarding | Player.Rewinding | Player.IsTempo</usealttexture>
					<alttexturefocus colordiffuse="$VAR[DialogColor1]">osd/OSDPlayNF.png</alttexturefocus>
					<alttexturenofocus colordiffuse="$VAR[DialogColor2]">osd/OSDPlayNF.png</alttexturenofocus>
					<onclick>PlayerControl(Play)</onclick>
				</control>

				<!-- Stop -->
				<control type="button" id="6">
					<width>60</width>
					<height>60</height>
					<texturefocus colordiffuse="$VAR[DialogColor1]">osd/OSDStopNF.png</texturefocus>
					<texturenofocus colordiffuse="$VAR[DialogColor2]">osd/OSDStopNF.png</texturenofocus>
					<onclick>PlayerControl(Stop)</onclick>
				</control>

				<!-- Down -->
				<control type="button" id="7">
					<width>60</width>
					<height>60</height>
					<texturefocus colordiffuse="$VAR[DialogColor1]">osd/OSDDownNF.png</texturefocus>
					<texturenofocus colordiffuse="$VAR[DialogColor2]">osd/OSDDownNF.png</texturenofocus>
					<onclick>PlayerControl(Next)</onclick>
					<visible>VideoPlayer.Content(LiveTV)</visible>
				</control>

				<!-- Spacer -->
				<control type="image" id="42">
					<left>0</left>
					<top>0</top>
					<width>7</width>
					<height>60</height>
					<texture>transparent.png</texture>
				</control>

				<!-- Tempo Up -->
				<control type="togglebutton" id="8">
					<width>18</width>
					<height>60</height>
					<texturefocus colordiffuse="$VAR[DialogColor1]">osd/OSDTrickForward.png</texturefocus>
					<texturenofocus colordiffuse="$VAR[DialogColor2]">osd/OSDTrickForward.png</texturenofocus>
					<alttexturefocus colordiffuse="$VAR[DialogColor1]">osd/OSDTrickForward.png</alttexturefocus>
					<alttexturenofocus colordiffuse="$VAR[DialogColor1]">osd/OSDTrickForward.png</alttexturenofocus>
					<usealttexture>Control.HasFocus(9) | Control.HasFocus(10)</usealttexture>
					<onclick>PlayerControl(TempoUp)</onclick>
					<visible>Player.SeekEnabled</visible>
					<enable>Player.TempoEnabled</enable>
				</control>
				<!-- Fast Forward -->
				<control type="togglebutton" id="9">
					<width>18</width>
					<height>60</height>
					<texturefocus colordiffuse="$VAR[DialogColor1]">osd/OSDTrickForward.png</texturefocus>
					<texturenofocus colordiffuse="$VAR[DialogColor2]">osd/OSDTrickForward.png</texturenofocus>
					<alttexturefocus colordiffuse="$VAR[DialogColor1]">osd/OSDTrickForward.png</alttexturefocus>
					<alttexturenofocus colordiffuse="$VAR[DialogColor1]">osd/OSDTrickForward.png</alttexturenofocus>
					<usealttexture>Control.HasFocus(10)</usealttexture>
					<onclick>PlayerControl(Forward)</onclick>
					<visible>Player.SeekEnabled</visible>
				</control>
				<!-- Next -->
				<control type="button" id="10">
					<width>9</width>
					<height>60</height>
					<texturefocus colordiffuse="$VAR[DialogColor1]">osd/OSDTrickForwardEnd.png</texturefocus>
					<texturenofocus colordiffuse="$VAR[DialogColor2]">osd/OSDTrickForwardEnd.png</texturenofocus>
					<onclick>PlayerControl(Next)</onclick>
					<visible>!VideoPlayer.Content(LiveTV)</visible>
				</control>

			</control>

			<!-- Options -->
			<control type="grouplist">
				<right>0</right>
				<width>420</width>
				<height>60</height>
				<align>right</align>
				<itemgap>0</itemgap>
				<onleft>10</onleft>
				<onright>1</onright>
				<onup>Close</onup>
				<ondown>Close</ondown>
				<orientation>horizontal</orientation>

				<!-- Repeat -->
				<control type="button" id="20">
					<width>60</width>
					<height>60</height>
					<texturefocus></texturefocus>
					<texturenofocus></texturenofocus>
					<onclick>PlayerControl(Repeat)</onclick>
				</control>
				<!-- Random -->
				<control type="togglebutton" id="21">
					<width>60</width>
					<height>60</height>
					<texturefocus colordiffuse="$VAR[DialogColor1]">osd/OSDRandomOffNF.png</texturefocus>
					<texturenofocus colordiffuse="$VAR[DialogColor2]">osd/OSDRandomOffNF.png</texturenofocus>
					<alttexturefocus colordiffuse="$VAR[DialogColor1]">osd/OSDRandomOnNF.png</alttexturefocus>
					<alttexturenofocus colordiffuse="$VAR[DialogColor2]">osd/OSDRandomOnNF.png</alttexturenofocus>
					<onclick>PlayerControl(Random)</onclick>
				</control>
			</control>

			<!-- Repeat images -->
			<control type="group">
				<right>60</right>
				<width>60</width>
				<height>60</height>

				<control type="image">
					<width>60</width>
					<height>60</height>
					<texture colordiffuse="$VAR[DialogColor2]">osd/OSDRepeatNF.png</texture>
					<visible>!Playlist.IsRepeat + !Playlist.IsRepeatOne</visible>
					<visible>!Control.HasFocus(20)</visible>
				</control>
				<control type="image">
					<width>60</width>
					<height>60</height>
					<texture colordiffuse="$VAR[DialogColor1]">osd/OSDRepeatNF.png</texture>
					<visible>!Playlist.IsRepeat + !Playlist.IsRepeatOne</visible>
					<visible>Control.HasFocus(20)</visible>
				</control>
				<control type="image">
					<width>60</width>
					<height>60</height>
					<texture colordiffuse="$VAR[DialogColor2]">osd/OSDRepeatOneNF.png</texture>
					<visible>Playlist.IsRepeatOne</visible>
					<visible>!Control.HasFocus(20)</visible>
				</control>
				<control type="image">
					<width>60</width>
					<height>60</height>
					<texture colordiffuse="$VAR[DialogColor1]">osd/OSDRepeatOneNF.png</texture>
					<visible>Playlist.IsRepeatOne</visible>
					<visible>Control.HasFocus(20)</visible>
				</control>
				<control type="image">
					<width>60</width>
					<height>60</height>
					<texture colordiffuse="$VAR[DialogColor2]">osd/OSDRepeatAllNF.png</texture>
					<visible>Playlist.IsRepeat</visible>
					<visible>!Control.HasFocus(20)</visible>
				</control>
				<control type="image">
					<width>60</width>
					<height>60</height>
					<texture colordiffuse="$VAR[DialogColor1]">osd/OSDRepeatAllNF.png</texture>
					<visible>Playlist.IsRepeat</visible>
					<visible>Control.HasFocus(20)</visible>
				</control>

			</control>

		</control>

	</controls>

</window>