<?xml version="1.0" encoding="utf-8"?>
<window>
	<!-- settingscategory -->
	<backgroundcolor>0x00000000</backgroundcolor>
	<onload condition="String.IsEmpty(Skin.String(WelcomeDialogShown)) + !System.HasAddon(service.osmc.settings)">ActivateWindow(1101)</onload>
	<onunload condition="System.HasAddon(script.skinshortcuts)">RunScript(script.skinshortcuts,type=buildxml&amp;mainmenuID=9000&amp;group=mainmenu&amp;levels=1&amp;options=noGroups)</onunload>
	<onload condition="String.IsEmpty(Skin.String(PlotFont))">Skin.SetString(PlotFont,S)</onload>
	<onload condition="String.IsEmpty(Skin.String(HideOSD))">Skin.SetString(HideOSD,Always)</onload>
	<onload condition="String.IsEqual(Skin.String(HideOSD),Off)">Skin.SetString(HideOSD,Always)</onload>
	<onload condition="String.IsEmpty(Skin.String(NFDimOpac))">Skin.SetString(NFDimOpac,100)</onload>
	<onload condition="String.IsEqual(Skin.String(BackgroundImage),custom)">Skin.SetString(BackgroundImage,1)</onload>
	<onload condition="String.IsEmpty(Skin.String(BackgroundImage))">Skin.SetString(BackgroundImage,1)</onload>
	<onload condition="String.IsEmpty(Skin.String(BackgroundDefaultImage))">Skin.SetString(BackgroundDefaultImage,yes)</onload>
	<onload condition="String.IsEmpty(Skin.String(color.text1))">Skin.SetString(color.text1,None)</onload>
	<onload condition="String.IsEmpty(Skin.String(color.text2))">Skin.SetString(color.text2,None)</onload>
	<onload condition="String.IsEmpty(Skin.String(color.text3))">Skin.SetString(color.text3,None)</onload>
	<onload condition="String.IsEmpty(Skin.String(color.text4))">Skin.SetString(color.text4,None)</onload>
	<onload condition="String.IsEmpty(Skin.String(color.darken))">Skin.SetString(color.darken,None)</onload>
	<onload condition="String.IsEmpty(Skin.String(color.overlayfo))">Skin.SetString(color.overlayfo,None)</onload>
	<onload condition="String.IsEmpty(Skin.String(color.overlaynf))">Skin.SetString(color.overlaynf,None)</onload>
	<onload condition="String.IsEmpty(Skin.String(color.selected))">Skin.SetString(color.selected,None)</onload>
	<onload condition="String.IsEmpty(Skin.String(color.fanartdiffuse))">Skin.SetString(color.fanartdiffuse,None)</onload>
	<onload condition="String.IsEmpty(Skin.String(color.homenf))">Skin.SetString(color.homenf,None)</onload>
	<onload condition="String.IsEmpty(Skin.String(color.dialog1))">Skin.SetString(color.dialog1,None)</onload>
	<onload condition="String.IsEmpty(Skin.String(color.dialog2))">Skin.SetString(color.dialog2,None)</onload>
	<onload condition="String.IsEmpty(Skin.String(color.disabled))">Skin.SetString(color.disabled,None)</onload>
	<onload condition="String.IsEmpty(Skin.String(color.invalid))">Skin.SetString(color.invalid,None)</onload>
	<onload condition="String.IsEmpty(Skin.String(color.dialogoverlayfo))">Skin.SetString(color.dialogoverlayfo,None)</onload>
	<onload condition="String.IsEmpty(Skin.String(color.dialogoverlaynf))">Skin.SetString(color.dialogoverlaynf,None)</onload>
	<onload condition="String.IsEmpty(Skin.String(color.background))">Skin.SetString(color.background,None)</onload>
	<onload condition="String.IsEmpty(Skin.String(color.overlay))">Skin.SetString(color.overlay,None)</onload>
	<onload condition="String.IsEqual(Skin.String(DefaultColorSet),Default)">Skin.SetString(DefaultColorSet,OSMC Blue)</onload>
	<onload condition="String.IsEmpty(Skin.String(DefaultColorSet))">Skin.SetString(DefaultColorSet,OSMC Blue)</onload>
	<onload condition="String.IsEmpty(Skin.String(DefaultColors))">Skin.SetString(DefaultColors,yes)</onload>
	<onload condition="String.IsEmpty(Skin.String(DefaultBackgroundOpacity))">Skin.SetString(DefaultBackgroundOpacity,High)</onload>
	<onload condition="String.IsEmpty(Skin.String(DefaultOverlayOpacity))">Skin.SetString(DefaultOverlayOpacity,High)</onload>
	<onload condition="String.IsEmpty(Skin.String(OSMCBackgroundOverlay))">Skin.SetString(OSMCBackgroundOverlay,1)</onload>

	<controls>

		<!-- Background -->
		<include>WindowBackgroundImage</include>

		<!-- Time -->
		<include>Time</include>

		<!-- Main list (Left) -->
		<control type="grouplist" id="3">
			<left>120</left>
			<top>228</top>
			<width>300</width>
			<height>660</height>
			<itemgap>0</itemgap>
			<onleft>3001</onleft>
			<onright>5</onright>
			<ondown>20</ondown>
			<orientation>vertical</orientation>
			<scrolltime tween="sine" easing="out">240</scrolltime>
		</control>

		<!-- Sub list (Right) -->
		<control type="grouplist" id="5">
			<left>550</left>
			<top>228</top>
			<width>1220</width>
			<height>660</height>
			<itemgap>0</itemgap>
			<onleft>3</onleft>
			<onright>998</onright>
			<orientation>vertical</orientation>
		</control>

		<!-- Settings description -->
		<control type="textbox" id="6">
			<left>550</left>
			<top>900</top>
			<width>1220</width>
			<height>95</height>
			<textcolor>$VAR[TextColor1]</textcolor>
			<font>Font27</font>
			<visible>ControlGroup(5).HasFocus</visible>
		</control>

		<!-- Indicators -->
		<include content="Indicators">
			<param name="left">500</param>
			<param name="top">253</param>
			<param name="height">610</param>
			<param name="container">5</param>
		</include>

		<control type="grouplist">
			<left>120</left>
			<bottom>110</bottom>
			<width>800</width>
			<height>44</height>
			<itemgap>0</itemgap>
			<align>left</align>
			<orientation>horizontal</orientation>
			<usecontrolcoords>true</usecontrolcoords>
			<control type="label">
				<width>auto</width>
				<height>44</height>
				<align>right</align>
				<label>$LOCALIZE[31016]: </label>
				<font>Font33</font>
				<textcolor>$VAR[TextColor2]</textcolor>
				<visible>!Control.HasFocus(20)</visible>
			</control>
			<control type="label">
				<width>auto</width>
				<height>44</height>
				<align>right</align>
				<label>$LOCALIZE[31016]: </label>
				<font>Font33</font>
				<textcolor>$VAR[TextColor1]</textcolor>
				<visible>Control.HasFocus(20)</visible>
			</control>
			<control type="button" id="20">
				<width>auto</width>
				<height>44</height>
				<align>right</align>
				<font>Font33</font>
				<onup>3</onup>
				<onclick>SettingsLevelChange</onclick>
				<texturefocus colordiffuse="$VAR[buttonfocus]">common/focus.png</texturefocus>
			</control>
		</control>

		<!-- Submenu indicator -->
		<control type="group">
				<visible>!ControlGroup(9002).HasFocus + !ControlGroup(5).HasFocus + !Control.HasFocus(20)</visible>
				<animation effect="fade" start="0" end="100" time="200">VisibleChange</animation>
				<animation effect="slide" time="200" start="-200,0" end="0,0">WindowOpen</animation>
				<animation effect="slide" time="200" start="0,0" end="-200,0">WindowClose</animation>
				<control type="image">
					<left>10</left>
					<centertop>50%</centertop>
					<width>30</width>
					<height>30</height>
					<texture colordiffuse="$VAR[DialogColor2]">sub-menu-left.png</texture>
				</control>
			</control>

		<!-- Options -->
		<control type="group" id="9002">
			<control type="image">
				<include>FullscreenDimensions</include>
				<texture colordiffuse="$VAR[DarkenColor]">dialogs/DialogTextBackground.png</texture>
				<animation effect="fade" start="0" end="100" time="200">Visible</animation>
				<animation effect="fade" start="100" end="0" time="200">Hidden</animation>
				<visible>ControlGroup(9002).HasFocus</visible>
			</control>
			<control type="group">
				<left>-450</left>
				<top>0</top>
				<animation effect="slide" start="0,0" end="450,0" time="200" condition="ControlGroup(9002).HasFocus">Conditional</animation>
				<control type="button">
					<left>0</left>
					<top>0</top>
					<width>460</width>
					<height>1080</height>
					<texturefocus>noop</texturefocus>
				</control>

				<control type="image">
					<left>0</left>
					<top>0</top>
					<width>450</width>
					<height>1080</height>
					<texture colordiffuse="$VAR[OverlayColor]">dialogs/Background.png</texture>
				</control>

				<!-- Look controls -->
				<control type="grouplist" id="3001">
					<left>20</left>
					<width>410</width>
					<height>1040</height>
					<onleft>3</onleft>
					<onright>3</onright>
					<scrolltime>200</scrolltime>
					<orientation>vertical</orientation>
					<itemgap>0</itemgap>
					<defaultcontrol always="true">99</defaultcontrol>

					<include content="SideMenuAnimation">
						<param name="containerID">3001</param>
					</include>

					<!-- Settings quick-nav -->
					<control type="button" id="90">
						<label>31074</label>
						<height>52</height>
						<onclick>ReplaceWindow(InterfaceSettings)</onclick>
						<texturefocus colordiffuse="$VAR[buttonfocus]">common/focus52.png</texturefocus>
					</control>
					<control type="button" id="91">
						<label>16003</label>
						<height>52</height>
						<onclick>ReplaceWindow(PlayerSettings)</onclick>
						<texturefocus colordiffuse="$VAR[buttonfocus]">common/focus52.png</texturefocus>
					</control>
					<control type="button" id="92">
						<label>14211</label>
						<height>52</height>
						<onclick>ReplaceWindow(MediaSettings)</onclick>
						<texturefocus colordiffuse="$VAR[buttonfocus]">common/focus52.png</texturefocus>
					</control>
					<control type="button" id="93">
						<label>31015</label>
						<height>52</height>
						<onclick>ReplaceWindow(PVRSettings)</onclick>
						<texturefocus colordiffuse="$VAR[buttonfocus]">common/focus52.png</texturefocus>
					</control>
					<control type="button" id="94">
						<label>15016</label>
						<height>52</height>
						<onclick>ReplaceWindow(GameSettings)</onclick>
						<texturefocus colordiffuse="$VAR[buttonfocus]">common/focus52.png</texturefocus>
					</control>
					<control type="button" id="95">
						<label>13200</label>
						<height>52</height>
						<onclick>ReplaceWindow(Profiles)</onclick>
						<texturefocus colordiffuse="$VAR[buttonfocus]">common/focus52.png</texturefocus>
					</control>
					<control type="button" id="96">
						<label>14036</label>
						<height>52</height>
						<onclick>ReplaceWindow(ServiceSettings)</onclick>
						<texturefocus colordiffuse="$VAR[buttonfocus]">common/focus52.png</texturefocus>
					</control>
					<control type="button" id="97">
						<label>13000</label>
						<height>52</height>
						<onclick>ReplaceWindow(SystemSettings)</onclick>
						<texturefocus colordiffuse="$VAR[buttonfocus]">common/focus52.png</texturefocus>
					</control>
					<control type="button" id="98">
						<label>130</label>
						<height>52</height>
						<onclick>ReplaceWindow(SystemInfo)</onclick>
						<texturefocus colordiffuse="$VAR[buttonfocus]">common/focus52.png</texturefocus>
					</control>

				</control>
			</control>
		</control>

		<!-- Default label -->
		<control type="label" id="14">
			<width>1220</width>
			<height>66</height>
			<font>Font33</font>
			<align>center</align>
			<label></label>
			<textcolor>$VAR[TextColor2]</textcolor>
		</control>

		<!-- Default group button -->
		<control type="button" id="10">
			<width>300</width>
			<height>66</height>
			<font>Font33</font>
			<onclick>SetFocus(5)</onclick>
			<textcolor>$VAR[TextColor2]</textcolor>
			<focusedcolor>$VAR[TextColor1]</focusedcolor>
			<invalidcolor>$VAR[InvalidColor]</invalidcolor>
			<disabledcolor>$VAR[DisabledColor]</disabledcolor>
			<animation effect="fade" start="100" end="50" time="200" tween="cubic" easing="out" reversible="false" condition="ControlGroup(5).HasFocus | Control.HasFocus(20)">Conditional</animation>
		</control>

		<!-- Default button -->
		<control type="button" id="7">
			<width>1220</width>
			<height>66</height>
			<font>Font33</font>
			<textwidth>900</textwidth>
			<textcolor>$VAR[TextColor2]</textcolor>
			<focusedcolor>$VAR[TextColor1]</focusedcolor>
			<invalidcolor>$VAR[InvalidColor]</invalidcolor>
			<disabledcolor>$VAR[DisabledColor]</disabledcolor>
		</control>

		<!-- Default radiobutton -->
		<control type="radiobutton" id="8">
			<width>1220</width>
			<height>66</height>
			<font>Font33</font>
			<textwidth>900</textwidth>
			<textcolor>$VAR[TextColor2]</textcolor>
			<focusedcolor>$VAR[TextColor1]</focusedcolor>
			<disabledcolor>$VAR[DisabledColor]</disabledcolor>
		</control>

		<!-- Default spincontrolex -->
		<control type="spincontrolex" id="9">
			<width>1220</width>
			<height>66</height>
			<font>Font33</font>
			<textwidth>900</textwidth>
			<textcolor>$VAR[TextColor2]</textcolor>
			<focusedcolor>$VAR[TextColor1]</focusedcolor>
			<disabledcolor>$VAR[DisabledColor]</disabledcolor>
		</control>

		<!-- Default sliderex -->
		<control type="sliderex" id="13">
			<width>1220</width>
			<height>66</height>
			<font>Font33</font>
			<textwidth>900</textwidth>
			<textcolor>$VAR[TextColor2]</textcolor>
			<focusedcolor>$VAR[TextColor1]</focusedcolor>
			<disabledcolor>$VAR[DisabledColor]</disabledcolor>
		</control>

		<!-- Default image -->
		<control type="image" id="11">
			<width>1220</width>
			<height>66</height>
			<texture border="2" colordiffuse="$VAR[DialogColor2]">common/Divider.png</texture>
		</control>

		<!-- Default edit -->
		<control type="edit" id="12">
			<width>1220</width>
			<height>66</height>
		</control>

	</controls>

</window>