<?xml version="1.0" encoding="UTF-8"?>
<includes>

	<include name="Viewtype521">

		<control type="group">
			<visible>Control.IsVisible(521)</visible>

			<!-- Wide list low -->
			<control type="fixedlist" id="521">
				<left>0</left>
				<top>508</top>
				<width>1920</width>
				<height>274</height>
				<ondown>66</ondown>
				<onleft>521</onleft>
				<onright>521</onright>
				<pagecontrol>66</pagecontrol>
				<preloaditems>6</preloaditems>
				<focusposition>5</focusposition>
				<orientation>horizontal</orientation>
				<viewtype label="$LOCALIZE[31112]">icon</viewtype>
				<scrolltime tween="sine" easing="out">240</scrolltime>
				<visible>Container.Content(movies) | Container.Content(tvshows) | Container.Content(seasons)</visible>

				<itemlayout width="174" height="274">
					<!-- Image - Movies -->
					<include content="image-521">
						<param name="fallback">DefaultMovie.png</param>
						<param name="visible">Container.Content(movies)</param>
					</include>
					<!-- Image - TV Shows -->
					<include content="image-521">
						<param name="fallback">DefaultTVShows.png</param>
						<param name="visible">!Container.Content(movies)</param>
					</include>
					<!-- Collection -->
					<control type="group">
						<left>21</left>
						<bottom>0</bottom>
						<width>28</width>
						<height>28</height>
						<visible>ListItem.IsCollection</visible>
						<control type="image">
							<texture background="true">views/OverlayCornerLeft.png</texture>
							<colordiffuse>$VAR[DiffusePosterNF]</colordiffuse>
						</control>
						<control type="image">
							<texture background="true">views/OverlayCollection.png</texture>
							<colordiffuse>$VAR[DiffusePosterNF]</colordiffuse>
						</control>
					</control>
					<!-- Watched status -->
					<control type="group">
						<right>21</right>
						<bottom>0</bottom>
						<width>28</width>
						<height>28</height>
						<visible>!ListItem.IsCollection</visible>
						<control type="image">
							<texture background="true">views/OverlayCornerRight.png</texture>
							<colordiffuse>$VAR[DiffusePosterNF]</colordiffuse>
							<visible>!ListItem.IsCollection + [[ListItem.IsFolder + Integer.IsGreater(ListItem.Property(WatchedEpisodes),0) + Integer.IsGreater(ListItem.Property(UnWatchedEpisodes),0)] | String.IsEqual(ListItem.Overlay,OverlayWatched.png) | ListItem.IsResumable | !String.IsEmpty(ListItem.PlayCount)]</visible>
						</control>
						<control type="image">
							<texture background="true">$VAR[StatusOverlayWide]</texture>
							<colordiffuse>$VAR[DiffusePosterNF]</colordiffuse>
						</control>
					</control>
				</itemlayout>

				<focusedlayout width="180" height="274">
					<control type="group">
						<animation effect="zoom" start="73" end="100" center="90,137" time="300" tween="back" easing="out" reversible="false">Focus</animation>
						<!-- Image - Movies -->
						<include content="image-521-focus">
							<param name="fallback">DefaultMovie.png</param>
							<param name="visible">Container.Content(movies)</param>
						</include>
						<!-- Image - TV Shows -->
						<include content="image-521-focus">
							<param name="fallback">DefaultTVShows.png</param>
							<param name="visible">!Container.Content(movies)</param>
						</include>
						<!-- Collection -->
						<control type="group">
							<left>0</left>
							<bottom>0</bottom>
							<width>39</width>
							<height>39</height>
							<fadetime>200</fadetime>
							<visible>ListItem.IsCollection</visible>
							<control type="image">
								<texture background="true">views/OverlayCornerLeft.png</texture>
							</control>
							<control type="image">
								<texture background="true">views/OverlayCollection.png</texture>
							</control>
						</control>
						<!-- Watched status -->
						<control type="group">
							<right>0</right>
							<bottom>0</bottom>
							<width>39</width>
							<height>39</height>
							<fadetime>200</fadetime>
							<visible>!ListItem.IsCollection</visible>
							<control type="image">
								<texture background="true">views/OverlayCornerRight.png</texture>
								<visible>[ListItem.IsFolder + Integer.IsGreater(ListItem.Property(WatchedEpisodes),0) + Integer.IsGreater(ListItem.Property(UnWatchedEpisodes),0)] | String.IsEqual(ListItem.Overlay,OverlayWatched.png) | ListItem.IsResumable | !String.IsEmpty(ListItem.PlayCount)</visible>
							</control>
							<control type="image">
								<texture background="true">$VAR[StatusOverlayWide]</texture>
							</control>
						</control>
					</control>
				</focusedlayout>

			</control>

			<control type="group">
				<!-- <centerleft>75%</centerleft> -->
				<left>410</left>
				<top>850</top>
				<width>920</width>
				<height>100</height>

				<!-- Title -->
				<control type="fadelabel">
					<left>90</left>
					<top>0</top>
					<width>920</width>
					<height>72</height>
					<font>Font72</font>
					<align>center</align>
					<textcolor>$VAR[TextColor1]</textcolor>
					<label>$VAR[Label1]</label>
					<pauseatend>5000</pauseatend>
					<animation effect="fade" start="100" end="50" time="200" tween="cubic" easing="out" reversible="false" condition="!Control.HasFocus(521)">Conditional</animation>
				</control>

				<!-- Details -->
				<control type="fadelabel">
					<left>90</left>
					<top>88</top>
					<width>920</width>
					<height>54</height>
					<font>Font27</font>
					<align>center</align>
					<aligny>top</aligny>
					<label>$VAR[Label2]</label>
					<textcolor>$VAR[TextColor1]</textcolor>
					<pauseatend>5000</pauseatend>
					<animation effect="fade" start="100" end="50" time="200" tween="cubic" easing="out" reversible="false" condition="!Control.HasFocus(521)">Conditional</animation>
				</control>

			</control>

		</control>

	</include>

	<include name="image-521">
		<param name="fallback">DefaultVideos.png</param>
		<param name="visible">False</param>
		<definition>
			<control type="image">
				<bottom>0</bottom>
				<left>21</left>
				<width>132</width>
				<height>200</height>
				<colordiffuse>$VAR[DiffusePosterNF]</colordiffuse>
				<texture background="true" fallback="$PARAM[fallback]">$VAR[mediaImages]</texture>
				<aspectratio align="center" aligny="bottom">keep</aspectratio>
				<visible>$PARAM[visible]</visible>
			</control>
		</definition>
	</include>

	<include name="image-521-focus">
		<param name="fallback">DefaultVideos.png</param>
		<param name="visible">False</param>
		<definition>
			<control type="image">
				<bottom>0</bottom>
				<left>0</left>
				<width>180</width>
				<height>274</height>
				<texture background="true" fallback="$PARAM[fallback]">$VAR[mediaImages]</texture>
				<aspectratio align="center" aligny="bottom">keep</aspectratio>
				<visible>$PARAM[visible]</visible>
			</control>
		</definition>
	</include>

</includes>
