<?xml version="1.0" encoding="UTF-8"?>
<includes>

	<include name="Viewtype531">

		<control type="group">
			<visible>Control.IsVisible(531)</visible>

			<!-- Movie/TV show info -->
			<control type="group">
				<left>120</left>
				<top>190</top>
				<visible>Container.Content(movies) | Container.Content(tvshows)</visible>
				
				<!-- Title -->
				<control type="fadelabel">
					<left>0</left>
					<top>52</top>
					<width>450</width>
					<height>45</height>
					<font>Font42</font>
					<align>center</align>
					<textcolor>$VAR[TextColor1]</textcolor>
					<label>$VAR[Label1]</label>
					<visible>!String.IsEmpty(ListItem.Plot) | !String.IsEmpty(ListItem.PlotOutline)</visible>
				</control>
				
				<!-- Title -->
				<control type="fadelabel">
					<left>0</left>
					<top>350</top>
					<width>450</width>
					<height>45</height>
					<font>Font42</font>
					<align>center</align>
					<textcolor>$VAR[TextColor1]</textcolor>
					<label>$VAR[Label1]</label>
					<pauseatend>5000</pauseatend>
					<visible>String.IsEmpty(ListItem.Plot) + String.IsEmpty(ListItem.PlotOutline)</visible>
				</control>

				<!-- Details -->
				<control type="fadelabel">
					<left>0</left>
					<top>131</top>
					<width>450</width>
					<height>54</height>
					<font>Font27</font>
					<align>center</align>
					<aligny>top</aligny>
					<label>$VAR[Label2]</label>
					<textcolor>$VAR[TextColor1]</textcolor>
					<pauseatend>5000</pauseatend>
					<visible>!String.IsEmpty(ListItem.Plot) | !String.IsEmpty(ListItem.PlotOutline)</visible>
				</control>
				
				<!-- Plot -->
				<control type="group">
					<left>0</left>
					<top>194</top>
					<width>450</width>
					<height>420</height>
					<visible>!String.IsEmpty(ListItem.Plot) | !String.IsEmpty(ListItem.PlotOutline)</visible>
					<control type="textbox">
						<label>$VAR[Plot]</label>
						<textcolor>$VAR[TextColor1]</textcolor>
						<autoscroll delay="5000" time="1400" repeat="10000">true</autoscroll>
						<visible>Skin.String(PlotFont,S) | Skin.String(PlotFont,S light)</visible>
					</control>
					<control type="textbox">
						<font>Font30</font>
						<label>$VAR[Plot]</label>
						<textcolor>$VAR[TextColor1]</textcolor>
						<autoscroll delay="5000" time="1300" repeat="10000">true</autoscroll>
						<visible>Skin.String(PlotFont,M) | Skin.String(PlotFont,M light)</visible>
					</control>
					<control type="textbox">
						<font>Font33</font>
						<label>$VAR[Plot]</label>
						<textcolor>$VAR[TextColor1]</textcolor>
						<autoscroll delay="5000" time="1200" repeat="10000">true</autoscroll>
						<visible>Skin.String(PlotFont,L) | Skin.String(PlotFont,XL) | Skin.String(PlotFont,L light) | Skin.String(PlotFont,XL light)</visible>
					</control>
				</control>

			</control>
			
			
			<!-- Thumbs -->
			<control type="panel" id="531">
				<left>750</left>
				<centertop>50%</centertop>
				<width>1020</width>
				<height>720</height>
				<onleft>60</onleft>
				<onup>531</onup>
				<ondown>531</ondown>
				<pagecontrol>60</pagecontrol>
				<preloaditems>4</preloaditems>
				<viewtype label="$LOCALIZE[31116]">list</viewtype>
				<scrolltime tween="sine" easing="out">240</scrolltime>
				<visible>Container.Content(movies) | Container.Content(tvshows)</visible>

				<itemlayout width="170" height="240">
					<!-- Image - Movies -->
					<include content="image-531">
						<param name="fallback">DefaultMovie.png</param>
						<param name="colordiffuse">$VAR[DiffusePosterNF]</param>
						<param name="visible">Container.Content(movies)</param>
					</include>
					<!-- Image - TV -->
					<include content="image-531">
						<param name="fallback">DefaultTVShows.png</param>
						<param name="colordiffuse">$VAR[DiffusePosterNF]</param>
						<param name="visible">!Container.Content(movies)</param>
					</include>
					<!-- Collection -->
					<control type="group">
						<left>17</left>
						<bottom>10</bottom>
						<width>61</width>
						<height>61</height>
						<visible>ListItem.IsCollection</visible>
						<control type="image">
							<texture background="true">views/OverlayCornerLeft.png</texture>
							<colordiffuse>$VAR[DiffusePosterNF]</colordiffuse>
						</control>
						<control type="image">
							<texture background="true">views/OverlayCollection.png</texture>
							<colordiffuse>$VAR[DiffusePosterNF]</colordiffuse>
						</control>
					</control>
					<!-- Watched status -->
					<control type="group">
						<right>16</right>
						<bottom>10</bottom>
						<width>61</width>
						<height>61</height>
						<visible>!ListItem.IsCollection</visible>
						<control type="image">
							<texture background="true">views/OverlayCornerRight.png</texture>
							<colordiffuse>$VAR[DiffusePosterNF]</colordiffuse>
							<visible>[ListItem.IsFolder + Integer.IsGreater(ListItem.Property(WatchedEpisodes),0) + Integer.IsGreater(ListItem.Property(UnWatchedEpisodes),0)] | String.IsEqual(ListItem.Overlay,OverlayWatched.png) | ListItem.IsResumable | !String.IsEmpty(ListItem.PlayCount)</visible>
						</control>
						<control type="image">
							<texture background="true">$VAR[StatusOverlayWide]</texture>
							<colordiffuse>$VAR[DiffusePosterNF]</colordiffuse>
						</control>
					</control>
				</itemlayout>

				<focusedlayout width="170" height="240">
					<control type="group">
						<animation effect="zoom" start="87" end="100" center="auto" time="300" tween="back" easing="out" reversible="false">Focus</animation>
						<animation effect="zoom" start="100" end="87" center="auto" time="30" tween="linear" reversible="false">Unfocus</animation>
						<!-- Image - Movies -->
						<include content="image-531-focused">
							<param name="fallback">DefaultMovie.png</param>
							<param name="visible">Container.Content(movies)</param>
						</include>
						<!-- Image - TV -->
						<include content="image-531-focused">
							<param name="fallback">DefaultTVShows.png</param>
							<param name="visible">!Container.Content(movies)</param>
						</include>
						<!-- Collection -->
						<control type="group">
							<left>6</left>
							<bottom>0</bottom>
							<width>72</width>
							<height>72</height>
							<visible>ListItem.IsCollection</visible>
							<control type="image">
								<texture background="true">views/OverlayCornerLeft.png</texture>
							</control>
							<control type="image">
								<texture background="true">views/OverlayCollection.png</texture>
							</control>
						</control>
						<!-- Watched status -->
						<control type="group">
							<right>6</right>
							<bottom>0</bottom>
							<width>72</width>
							<height>72</height>
							<visible>!ListItem.IsCollection</visible>
							<control type="image">
								<texture background="true">views/OverlayCornerRight.png</texture>
								<visible>[ListItem.IsFolder + Integer.IsGreater(ListItem.Property(WatchedEpisodes),0) + Integer.IsGreater(ListItem.Property(UnWatchedEpisodes),0)] | String.IsEqual(ListItem.Overlay,OverlayWatched.png) | ListItem.IsResumable | !String.IsEmpty(ListItem.PlayCount)</visible>
							</control>
							<control type="image">
								<texture background="true">$VAR[StatusOverlayWide]</texture>
							</control>
						</control>
					</control>
				</focusedlayout>
			</control>

		</control>

	</include>

	<include name="image-531">
		<param name="fallback">DefaultVideos.png</param>
		<param name="colordiffuse">FFFFFFFF</param>
		<param name="visible">False</param>
		<definition>
			<control type="image">
				<bottom>10</bottom>
				<left>17</left>
				<width>137</width>
				<height>208</height>
				<colordiffuse>$PARAM[colordiffuse]</colordiffuse>
				<texture fallback="$PARAM[fallback]" background="true">$VAR[mediaImages]</texture>
				<aspectratio align="center" aligny="bottom">keep</aspectratio>
				<visible>$PARAM[visible]</visible>
			</control>
		</definition>
	</include>
	
	<include name="image-531-focused">
		<param name="fallback">DefaultVideos.png</param>
		<param name="colordiffuse">FFFFFFFF</param>
		<param name="visible">False</param>
		<definition>
			<control type="image">
				<bottom>0</bottom>
				<left>6</left>
				<width>158</width>
				<height>240</height>
				<colordiffuse>$PARAM[colordiffuse]</colordiffuse>
				<texture fallback="$PARAM[fallback]" background="true">$VAR[mediaImages]</texture>
				<aspectratio align="center" aligny="bottom">keep</aspectratio>
				<visible>$PARAM[visible]</visible>
			</control>
		</definition>
	</include>

</includes>
