<?xml version="1.0" encoding="UTF-8" standalone="yes"?>
<addon id="plugin.program.hieuitwizard" name="[B][COLOR red]HieuIT[/COLOR] [COLOR yellow]Media Center[/COLOR][/B]" version="2.0.3" provider-name="Hieuit.net">
  <requires>
    <import addon="xbmc.python" version="2.1.0"/>
  </requires>
  <extension point="xbmc.python.pluginsource" library="default.py">
        <provides>video program executable</provides>
  </extension>
  <extension point="xbmc.addon.metadata">
    <summary lang="en">HieuIT Media Center</summary>
    <description lang="en">
	Quick setup all Addon Skin Source
	Include Addon: VietmediaF, VNOpenPlaylist, Google Drive
	Skin: Eminence 2.0 Custom, Confluence</description>
    <platform>all</platform>
  </extension>
</addon>
