<?xml version="1.0" encoding="UTF-8"?>
<addon
	id="skin.osmc"
	version="18.0.0"
	name="OSMC Skin"
	provider-name="OSMC">
	<requires>
		<import addon="xbmc.gui" version="5.14.0"/>
	</requires>
	<extension point="xbmc.gui.skin" defaultthemename="Textures.xbt" effectslowdown="1.00" debugging="false">
		<res width="1920" height="1080" aspect="16:9" default="true" folder="16x9" />
	</extension>
	<extension point="xbmc.addon.metadata">
		<platform>all</platform>
		<summary lang="en">The default skin for OSMC</summary>
		<description lang="en">Original skin: Andy Morton[CR]Original design: Simon Brunton[CR]Skinner: Julian Michel</description>
		<news>OSMC Kodi v18 update[CR][CR][B]New[/B][CR]- add new v18 subtitle settings OSD during fullscreen video playback[CR]- add new games section to match v18 requirements[CR]- add games section[CR]- add new resolution select button/dialog in video player[CR]- add player icon to now playing dialog[CR]- add new dependency button in addon info dialog to match v18 requirements[CR]- new color options (color sets, background gradients, adjustable opacity)[CR]- add PVR channel number input dialog[CR]- add PVR timeshift status dialog[CR]- add welcome dialog on non-OSMC devices[CR]- add director button to video info dialog[CR]- add new views (wide low, wall small, wall low, wall info, list info)[CR]- add new sub-menu indicator icon[CR]- add "Random TV shows" widget as new standard for TV shows home menu entry[CR]- add new dialog navigation indicators[CR]- add ratings toggle for IMDb, Metacritic, Rotten Tomatoes and TVDb[CR]- add new video player OSD settings (show OSD after beginning of playback and before end of playback)[CR][CR][B]Improved[/B][CR]- adjust syntax, values, labels and infobools to match v18 requirements[CR]- adjust PVR section to match v18 requirements[CR]- highlighting color now adjusts according to text color[CR]- streamline OSD animations[CR]- add missing adjustable plot fonts[CR]- let favourites dialog behave like a normal window[CR]- add file path and name to refresh button in video info dialog[CR]- add song/album year to music player[CR]- add wide list as music view[CR]- add music OSD album art size switch[CR]- adjust widget headings to always show and adjust animations to match widget animations[CR]- add option to change widget labels[CR][CR][B]Fixed[/B][CR]- show proper game widget title when not using skinshortcuts script[CR]- highlighting is now more consistent[CR]- fix current position/time remaining and current time/end time for PVR playback[CR]- hide deprecated previous/next channel buttons in PVR playback OSD[CR]- fix background of subtitle settings window[CR]- fix layout of PVR playback dialogs[CR]- fix dialog list navigation[CR]- change font size of media tags to prevent overlap with titles/details[CR]- only offer rip CD feature when an audio CD is present</news>
	</extension>
	<assets>
		<icon>icon.png</icon>
		<fanart>extras/backgrounds/Default.png</fanart>
	</assets>
</addon>
